# {'date': u'2017_feb_15_1623', 'frameRate': 99.783654533329837, 'expName': 'pavlovian', u'participant': u'16'}
subj,condition,session_index,induction,cardset,trial,time,cardnumber,trial_type,reward_type,response,RT,RT_in_frames,reward,won_if_correct,reward_sum
16,control,1,induction,9,0,32.5611513686,1,nogo,win,0,-1,0,0,0
16,control,1,induction,9,1,37.6521731073,4,go,win,0,-1,0,1,0
16,control,1,induction,9,2,42.87348419,3,nogo,avoid,0,-1,-10,0,-10
16,control,1,induction,9,3,48.2651555753,1,nogo,win,1,0.571297247701,-1,1,-11
16,control,1,induction,9,4,53.4664340342,2,go,avoid,1,0.390908639274,-1,1,-12
16,control,1,induction,9,5,58.9883963154,1,nogo,win,0,-1,10,1,-2
16,control,1,induction,9,6,64.5805085989,3,nogo,avoid,1,0.591343098418,-11,1,-13
16,control,1,induction,9,7,69.9120547989,4,go,win,1,0.571302655197,9,1,-4
16,control,1,induction,9,8,75.5141937852,2,go,avoid,1,0.451034098242,-1,1,-5
16,control,1,induction,9,9,81.2265733565,1,nogo,win,1,0.621404196332,9,0,4
16,control,1,induction,9,10,86.4077962385,2,go,avoid,1,0.310726111595,-1,1,3
16,control,1,induction,9,11,91.7293256484,1,nogo,win,1,0.300715336562,-1,1,2
16,control,1,induction,9,12,97.361529489,2,go,avoid,0,-1,-10,1,-8
16,control,1,induction,9,13,102.632949144,4,go,win,1,0.441022619452,9,1,1
16,control,1,induction,9,14,107.994556499,4,go,win,1,0.310742953629,-1,0,0
16,control,1,induction,9,15,113.306074217,1,nogo,win,1,0.380888706386,-1,1,-1
16,control,1,induction,9,16,118.918254814,4,go,win,1,0.541238005422,9,1,8
16,control,1,induction,9,17,124.390087491,4,go,win,1,0.741666076625,-1,0,7
16,control,1,induction,9,18,129.811838606,2,go,avoid,1,0.571303536395,-1,1,6
16,control,1,induction,9,19,135.353839439,3,nogo,avoid,1,0.581318843746,-1,0,5
16,control,1,induction,9,20,140.695418814,3,nogo,avoid,0,-1,0,1,5
16,control,1,induction,9,21,146.177297327,2,go,avoid,1,0.401002210947,-11,0,-6
16,control,1,induction,9,22,151.318441148,4,go,win,1,0.3508186822,-1,0,-7
16,control,1,induction,9,23,156.810335529,2,go,avoid,1,0.611385298023,-1,1,-8
16,control,1,induction,9,24,162.091778687,4,go,win,0,-1,10,0,2
16,control,1,induction,9,25,167.262978764,1,nogo,win,1,0.430995576815,-1,1,1
16,control,1,induction,9,26,172.865122959,2,go,avoid,0,-1,-10,1,-9
16,control,1,induction,9,27,178.276876721,2,go,avoid,0,-1,-10,1,-19
16,control,1,induction,9,28,183.698594564,3,nogo,avoid,0,-1,0,1,-19
16,control,1,induction,9,29,189.250613603,2,go,avoid,1,0.390948016553,-11,0,-30
16,control,1,induction,9,30,194.592198058,1,nogo,win,1,0.320754254979,-1,1,-31
16,control,1,induction,9,31,200.28453198,1,nogo,win,1,0.380896011618,-1,1,-32
16,control,1,induction,9,32,205.666192127,4,go,win,1,0.44102286005,9,1,-23
16,control,1,induction,9,33,211.158104251,4,go,win,1,0.390913267827,9,1,-14
16,control,1,induction,9,34,216.609906187,3,nogo,avoid,0,-1,0,1,-14
16,control,1,induction,9,35,222.021633168,4,go,win,1,0.481102465295,-1,0,-15
16,control,1,induction,9,36,227.303081087,3,nogo,avoid,1,0.591338809714,-11,1,-26
16,control,1,induction,9,37,232.504350848,1,nogo,win,1,0.801808383636,-1,1,-27
16,control,1,induction,9,38,238.02631038,2,go,avoid,1,0.321419725802,-11,0,-38
16,control,1,induction,9,39,243.608407597,2,go,avoid,1,0.0702104141346,-11,0,-49
16,control,1,induction,9,40,249.130374453,2,go,avoid,0,-1,-10,1,-59
16,control,1,induction,9,41,254.391772584,2,go,avoid,0,-1,0,0,-59
16,control,1,induction,9,42,259.623109765,4,go,win,1,0.511806345407,9,1,-50
16,control,1,induction,9,43,264.984727051,1,nogo,win,0,-1,10,1,-40
16,control,1,induction,9,44,270.657021615,4,go,win,0,-1,10,0,-30
16,control,1,induction,9,45,275.938459862,3,nogo,avoid,0,-1,0,1,-30
16,control,1,induction,9,46,281.24997546,4,go,win,1,0.280669846747,9,1,-21
16,control,1,induction,9,47,286.651678537,2,go,avoid,0,-1,0,0,-21
16,control,1,induction,9,48,292.203710954,2,go,avoid,0,-1,0,0,-21
16,control,1,induction,9,49,297.795824897,3,nogo,avoid,0,-1,0,1,-21
16,control,1,induction,9,50,303.267676768,3,nogo,avoid,0,-1,-10,0,-31
16,control,1,induction,9,51,308.629304974,3,nogo,avoid,1,0.290740913253,-11,1,-42
16,control,1,induction,9,52,313.86063833,4,go,win,1,0.661513557839,-1,0,-43
16,control,1,induction,9,53,319.422688303,4,go,win,0,-1,0,1,-43
16,control,1,induction,9,54,324.884521237,4,go,win,1,0.511176693977,-1,0,-44
16,control,1,induction,9,55,330.175993152,1,nogo,win,1,0.662074800537,9,0,-35
16,control,1,induction,9,56,335.738039862,1,nogo,win,1,0.340802761319,-1,1,-36
16,control,1,induction,9,57,341.219922168,3,nogo,avoid,1,0.330778383333,-1,0,-37
16,control,1,induction,9,58,346.852128219,2,go,avoid,0,-1,-10,1,-47
16,control,1,induction,9,59,352.25383087,2,go,avoid,1,0.471077338443,-1,1,-48
16,control,1,induction,9,60,357.585390159,1,nogo,win,1,0.41166583731,-1,1,-49
16,control,1,induction,9,61,362.957025636,3,nogo,avoid,0,-1,0,1,-49
16,control,1,induction,9,62,368.388796244,4,go,win,0,-1,10,0,-39
16,control,1,induction,9,63,373.850633662,2,go,avoid,0,-1,-10,1,-49
16,control,1,induction,9,64,379.352548258,3,nogo,avoid,1,0.471081073767,-1,0,-50
16,control,1,induction,9,65,384.654037516,1,nogo,win,0,-1,10,1,-40
16,control,1,induction,9,66,389.865336627,1,nogo,win,0,-1,10,1,-30
16,control,1,induction,9,67,395.307121617,4,go,win,0,-1,10,0,-20
16,control,1,induction,9,68,400.849132133,3,nogo,avoid,1,0.371531811248,-1,0,-21
16,control,1,induction,9,69,406.29092693,2,go,avoid,0,-1,0,0,-21
16,control,1,induction,9,70,411.552329005,1,nogo,win,0,-1,10,1,-11
16,control,1,induction,9,71,416.823748038,3,nogo,avoid,0,-1,-10,0,-21
16,control,1,induction,9,72,422.365757234,4,go,win,0,-1,0,1,-21
16,control,1,induction,9,73,427.867678459,3,nogo,avoid,1,0.691554346064,-11,1,-32
16,control,1,induction,9,74,433.189215405,1,nogo,win,0,-1,10,1,-22
16,control,1,induction,9,75,438.620982889,3,nogo,avoid,0,-1,0,1,-22
16,control,1,induction,9,76,444.162997117,3,nogo,avoid,0,-1,-10,0,-32
16,control,1,induction,9,77,449.494548328,1,nogo,win,0,-1,10,1,-22
16,control,1,induction,9,78,454.926325574,3,nogo,avoid,0,-1,0,1,-22
16,control,1,induction,9,79,460.538476715,1,nogo,win,0,-1,10,1,-12
16,control,2,exp,4,0,649.437732327,4,nogo,avoid,0,-1,0,1,0
16,control,2,exp,4,1,654.749239573,1,nogo,win,0,-1,10,1,10
16,control,2,exp,4,2,660.100834363,4,nogo,avoid,1,0.400927134579,-11,1,-1
16,control,2,exp,4,3,665.733036246,3,go,avoid,1,0.410957497497,-11,0,-12
16,control,2,exp,4,4,671.104677802,1,nogo,win,1,0.871950990542,-1,1,-13
16,control,2,exp,4,5,676.646684355,4,nogo,avoid,0,-1,0,1,-13
16,control,2,exp,4,6,682.108521038,3,go,avoid,0,-1,-10,1,-23
16,control,2,exp,4,7,687.650525158,4,nogo,avoid,0,-1,0,1,-23
16,control,2,exp,4,8,693.082293249,1,nogo,win,0,-1,10,1,-13
16,control,2,exp,4,9,698.463958296,2,go,win,0,-1,0,1,-13
16,control,2,exp,4,10,703.735376222,2,go,win,1,0.410941049449,-1,0,-14
16,control,2,exp,4,11,709.227278262,1,nogo,win,0,-1,10,1,-4
16,control,2,exp,4,12,714.608938954,1,nogo,win,0,-1,0,0,-4
16,control,2,exp,4,13,720.150954986,2,go,win,1,0.501144589714,9,1,5
16,control,2,exp,4,14,725.502542992,1,nogo,win,0,-1,10,1,15
16,control,2,exp,4,15,731.034529952,2,go,win,1,0.410958393735,9,1,24
16,control,2,exp,4,16,736.65670995,3,go,avoid,0,-1,-10,1,14
16,control,2,exp,4,17,742.028381346,3,go,avoid,0,-1,-10,1,4
16,control,2,exp,4,18,747.640511772,4,nogo,avoid,0,-1,0,1,4
16,control,2,exp,4,19,753.02216751,3,go,avoid,1,0.43099197984,-1,1,3
16,control,2,exp,4,20,758.203402593,4,nogo,avoid,0,-1,0,1,3
16,control,2,exp,4,21,763.474823037,3,go,avoid,1,0.390910591144,-1,1,2
16,control,2,exp,4,22,768.756264508,4,nogo,avoid,0,-1,0,1,2
16,control,2,exp,4,23,774.18803883,1,nogo,win,0,-1,10,1,12
16,control,2,exp,4,24,779.8403093,3,go,avoid,1,0.410953599767,-1,1,11
16,control,2,exp,4,25,785.171837362,1,nogo,win,0,-1,10,1,21
16,control,2,exp,4,26,790.703821955,4,nogo,avoid,0,-1,0,1,21
16,control,2,exp,4,27,796.045399204,1,nogo,win,0,-1,0,0,21
16,control,2,exp,4,28,801.507237623,3,go,avoid,1,0.811818545139,-1,1,20
16,control,2,exp,4,29,806.979092832,1,nogo,win,0,-1,10,1,30
16,control,2,exp,4,30,812.270558621,2,go,win,1,0.451037024548,9,1,39
16,control,2,exp,4,31,817.511916427,4,nogo,avoid,0,-1,0,1,39
16,control,2,exp,4,32,823.033880317,4,nogo,avoid,0,-1,0,1,39
16,control,2,exp,4,33,828.315317195,3,go,avoid,1,0.551250927816,-1,1,38
16,control,2,exp,4,34,833.857333342,2,go,win,1,0.321480104489,9,1,47
16,control,2,exp,4,35,839.038564368,3,go,avoid,1,0.551252786456,-1,1,46
16,control,2,exp,4,36,844.410200556,3,go,avoid,1,0.501131010824,-1,1,45
16,control,2,exp,4,37,849.892076997,4,nogo,avoid,0,-1,0,1,45
16,control,2,exp,4,38,855.233655879,3,go,avoid,1,0.330778368301,-11,0,34
16,control,2,exp,4,39,860.515100787,3,go,avoid,1,0.491127841771,-1,1,33
16,control,2,exp,4,40,865.776497713,1,nogo,win,0,-1,10,1,43
16,control,2,exp,4,41,871.198253486,3,go,avoid,1,0.340794686166,-1,1,42
16,control,2,exp,4,42,876.640040181,4,nogo,avoid,0,-1,0,1,42
16,control,2,exp,4,43,881.921484145,3,go,avoid,1,0.300706148631,-1,1,41
16,control,2,exp,4,44,887.19291134,4,nogo,avoid,0,-1,-10,0,31
16,control,2,exp,4,45,892.785024201,2,go,win,1,0.431005420385,-1,0,30
16,control,2,exp,4,46,898.236838943,4,nogo,avoid,0,-1,0,1,30
16,control,2,exp,4,47,903.628522178,1,nogo,win,0,-1,0,0,30
16,control,2,exp,4,48,908.909968286,3,go,avoid,1,0.310736219821,-1,1,29
16,control,2,exp,4,49,914.251542323,2,go,win,1,0.521189032916,9,1,38
16,control,2,exp,4,50,919.74344119,1,nogo,win,0,-1,10,1,48
16,control,2,exp,4,51,925.044930067,3,go,avoid,1,0.370900409453,-1,1,47
16,control,2,exp,4,52,930.28629297,2,go,win,1,0.350816002509,-1,0,46
16,control,2,exp,4,53,935.778187332,3,go,avoid,1,0.861928143382,-1,1,45
16,control,2,exp,4,54,941.059633315,4,nogo,avoid,0,-1,0,1,45
16,control,2,exp,4,55,946.421249767,1,nogo,win,0,-1,0,0,45
16,control,2,exp,4,56,951.79292187,1,nogo,win,0,-1,10,1,55
16,control,2,exp,4,57,957.274769199,1,nogo,win,0,-1,0,0,55
16,control,2,exp,4,58,962.486064848,2,go,win,1,0.531218129672,9,1,64
16,control,2,exp,4,59,968.038094943,4,nogo,avoid,0,-1,0,1,64
16,control,2,exp,4,60,973.199282106,3,go,avoid,1,0.561275179483,-1,1,63
16,control,2,exp,4,61,978.881588721,2,go,win,1,0.310739504017,-1,0,62
16,control,2,exp,4,62,984.553882344,2,go,win,1,0.902018169632,9,1,71
16,control,2,exp,4,63,989.815283811,4,nogo,avoid,0,-1,-10,0,61
16,control,2,exp,4,64,995.076685988,4,nogo,avoid,0,-1,-10,0,51
16,control,2,exp,4,65,1000.25792119,3,go,avoid,1,0.350824330293,-11,0,40
16,control,2,exp,4,66,1005.52933666,4,nogo,avoid,0,-1,-10,0,30
16,control,2,exp,4,67,1011.12145388,1,nogo,win,0,-1,10,1,40
16,control,2,exp,4,68,1016.62337804,2,go,win,1,0.491128608686,9,1,49
16,control,2,exp,4,69,1021.9749761,1,nogo,win,0,-1,10,1,59
16,control,2,exp,4,70,1027.32659163,1,nogo,win,0,-1,10,1,69
16,control,2,exp,4,71,1032.88862265,2,go,win,1,0.290692227747,9,1,78
16,control,2,exp,4,72,1038.33041769,2,go,win,1,0.390907746045,-1,0,77
16,control,2,exp,4,73,1043.83234095,2,go,win,1,0.290745490674,-1,0,76
16,control,2,exp,4,74,1049.41443755,2,go,win,1,0.390907141536,9,1,85
16,control,2,exp,4,75,1054.56559547,2,go,win,1,0.370868602069,-1,0,84
16,control,2,exp,4,76,1059.75685051,4,nogo,avoid,1,0.591349901399,-11,1,73
16,control,2,exp,4,77,1065.02829421,2,go,win,1,0.280663600155,9,1,82
16,control,2,exp,4,78,1070.3097135,2,go,win,1,0.330778759275,9,1,91
16,control,2,exp,4,79,1075.78157097,1,nogo,win,0,-1,10,1,101
16,control,3,exp,6,0,1266.2742811,3,nogo,win,0,-1,10,1,10
16,control,3,exp,6,1,1271.3653078,3,nogo,win,0,-1,0,0,10
16,control,3,exp,6,2,1277.12779966,2,go,avoid,0,-1,-10,1,0
16,control,3,exp,6,3,1282.56958554,2,go,avoid,1,0.661496962421,-11,0,-11
16,control,3,exp,6,4,1288.14169331,3,nogo,win,0,-1,10,1,-1
16,control,3,exp,6,5,1293.46318958,3,nogo,win,0,-1,10,1,9
16,control,3,exp,6,6,1298.82480467,1,go,win,0,-1,10,0,19
16,control,3,exp,6,7,1304.32673146,3,nogo,win,0,-1,10,1,29
16,control,3,exp,6,8,1309.85871282,2,go,avoid,1,0.501162676854,-1,1,28
16,control,3,exp,6,9,1315.51096064,4,nogo,avoid,1,0.56127669226,-1,0,27
16,control,3,exp,6,10,1320.9928353,4,nogo,avoid,0,-1,0,1,27
16,control,3,exp,6,11,1326.2041297,2,go,avoid,0,-1,-10,1,17
16,control,3,exp,6,12,1331.45550734,2,go,avoid,1,0.320757060977,-11,0,6
16,control,3,exp,6,13,1337.04762827,4,nogo,avoid,1,0.541237722715,-1,0,5
16,control,3,exp,6,14,1342.65978311,4,nogo,avoid,0,-1,0,1,5
16,control,3,exp,6,15,1348.22183342,2,go,avoid,0,-1,-10,1,-5
16,control,3,exp,6,16,1353.67365114,3,nogo,win,0,-1,10,1,5
16,control,3,exp,6,17,1359.18558178,2,go,avoid,0,-1,-10,1,-5
16,control,3,exp,6,18,1364.89796564,4,nogo,avoid,1,0.891993662328,-11,1,-16
16,control,3,exp,6,19,1370.34978076,2,go,avoid,1,0.59138015089,-11,0,-27
16,control,3,exp,6,20,1376.0621671,2,go,avoid,0,-1,0,0,-27
16,control,3,exp,6,21,1381.61419334,2,go,avoid,0,-1,-10,1,-37
16,control,3,exp,6,22,1387.14618207,1,go,win,1,0.451035286205,-1,0,-38
16,control,3,exp,6,23,1392.80845244,1,go,win,0,-1,10,0,-28
16,control,3,exp,6,24,1398.36047492,2,go,avoid,0,-1,0,0,-28
16,control,3,exp,6,25,1403.87242614,1,go,win,0,-1,0,1,-28
16,control,3,exp,6,26,1409.20397452,1,go,win,0,-1,10,0,-18
16,control,3,exp,6,27,1414.30503033,1,go,win,0,-1,0,1,-18
16,control,3,exp,6,28,1419.78690431,4,nogo,avoid,1,0.561276322333,-11,1,-29
16,control,3,exp,6,29,1425.02826584,3,nogo,win,0,-1,10,1,-19
16,control,3,exp,6,30,1430.70055435,2,go,avoid,0,-1,-10,1,-29
16,control,3,exp,6,31,1436.28265234,4,nogo,avoid,0,-1,0,1,-29
16,control,3,exp,6,32,1441.55407324,2,go,avoid,1,0.611379051432,-1,1,-30
16,control,3,exp,6,33,1446.82549764,1,go,win,0,-1,10,0,-20
16,control,3,exp,6,34,1452.32741978,2,go,avoid,1,0.310735473962,-1,1,-21
16,control,3,exp,6,35,1457.88947488,1,go,win,0,-1,0,1,-21
16,control,3,exp,6,36,1463.4615494,1,go,win,0,-1,0,1,-21
16,control,3,exp,6,37,1468.76303124,3,nogo,win,0,-1,10,1,-11
16,control,3,exp,6,38,1474.45536913,2,go,avoid,1,0.380891951485,-1,1,-12
16,control,3,exp,6,39,1479.76687256,1,go,win,0,-1,10,0,-2
16,control,3,exp,6,40,1485.26880718,4,nogo,avoid,0,-1,-10,0,-12
16,control,3,exp,6,41,1490.71059396,4,nogo,avoid,0,-1,0,1,-12
16,control,3,exp,6,42,1496.26262725,4,nogo,avoid,1,0.380886622184,-11,1,-23
16,control,3,exp,6,43,1501.46389074,2,go,avoid,1,0.370870057701,-11,0,-34
16,control,3,exp,6,44,1506.53488293,4,nogo,avoid,0,-1,0,1,-34
16,control,3,exp,6,45,1511.87645522,1,go,win,0,-1,0,1,-34
16,control,3,exp,6,46,1517.35833199,1,go,win,0,-1,0,1,-34
16,control,3,exp,6,47,1522.68988656,1,go,win,0,-1,0,1,-34
16,control,3,exp,6,48,1528.14170452,1,go,win,0,-1,0,1,-34
16,control,3,exp,6,49,1533.67369253,3,nogo,win,0,-1,10,1,-24
16,control,3,exp,6,50,1539.35602473,3,nogo,win,0,-1,10,1,-14
16,control,3,exp,6,51,1544.66751073,3,nogo,win,0,-1,0,0,-14
16,control,3,exp,6,52,1550.09931364,3,nogo,win,0,-1,10,1,-4
16,control,3,exp,6,53,1555.32062763,4,nogo,avoid,0,-1,0,1,-4
16,control,3,exp,6,54,1560.8425593,3,nogo,win,0,-1,10,1,6
16,control,3,exp,6,55,1566.36453552,2,go,avoid,1,0.410958309523,-1,1,5
16,control,3,exp,6,56,1571.71612515,4,nogo,avoid,0,-1,0,1,5
16,control,3,exp,6,57,1577.0176136,1,go,win,0,-1,10,0,15
16,control,3,exp,6,58,1582.41931994,4,nogo,avoid,0,-1,0,1,15
16,control,3,exp,6,59,1587.65068846,3,nogo,win,0,-1,0,0,15
16,control,3,exp,6,60,1593.17261597,3,nogo,win,0,-1,10,1,25
16,control,3,exp,6,61,1598.88499805,4,nogo,avoid,0,-1,0,1,25
16,control,3,exp,6,62,1604.08627068,4,nogo,avoid,0,-1,0,1,25
16,control,3,exp,6,63,1609.38775679,3,nogo,win,0,-1,10,1,35
16,control,3,exp,6,64,1614.66920346,1,go,win,0,-1,0,1,35
16,control,3,exp,6,65,1620.2011881,3,nogo,win,0,-1,10,1,45
16,control,3,exp,6,66,1625.34232927,4,nogo,avoid,0,-1,0,1,45
16,control,3,exp,6,67,1630.62378053,3,nogo,win,0,-1,10,1,55
16,control,3,exp,6,68,1635.70478136,1,go,win,0,-1,0,1,55
16,control,3,exp,6,69,1640.89603293,4,nogo,avoid,0,-1,0,1,55
16,control,3,exp,6,70,1646.2275907,1,go,win,0,-1,10,0,65
16,control,3,exp,6,71,1651.80970964,3,nogo,win,0,-1,0,0,65
16,control,3,exp,6,72,1656.96084948,1,go,win,0,-1,10,0,75
16,control,3,exp,6,73,1662.60306934,4,nogo,avoid,0,-1,0,1,75
16,control,3,exp,6,74,1667.99475836,1,go,win,0,-1,10,0,85
16,control,3,exp,6,75,1673.41650546,2,go,avoid,1,0.360844151906,-1,1,84
16,control,3,exp,6,76,1678.82822989,4,nogo,avoid,0,-1,0,1,84
16,control,3,exp,6,77,1684.04955183,2,go,avoid,1,0.380891960507,-1,1,83
16,control,3,exp,6,78,1689.35103382,2,go,avoid,1,0.350817539344,-11,0,72
16,control,3,exp,6,79,1694.70263135,3,nogo,win,0,-1,10,1,82
16,control,4,induction,5,0,2111.35538363,1,nogo,win,0,-1,10,1,10
16,control,4,induction,5,1,2116.60676519,4,go,win,0,-1,10,0,20
16,control,4,induction,5,2,2121.80803376,3,nogo,avoid,0,-1,0,1,20
16,control,4,induction,5,3,2127.37008743,2,go,avoid,0,-1,-10,1,10
16,control,4,induction,5,4,2132.95218612,4,go,win,0,-1,10,0,20
16,control,4,induction,5,5,2138.47414752,2,go,avoid,1,0.300729116952,-11,0,9
16,control,4,induction,5,6,2143.66539916,3,nogo,avoid,0,-1,0,1,9
16,control,4,induction,5,7,2148.86666544,2,go,avoid,1,0.310736887492,-1,1,8
16,control,4,induction,5,8,2154.0078119,3,nogo,avoid,0,-1,-10,0,-2
16,control,4,induction,5,9,2159.36943526,1,nogo,win,0,-1,10,1,8
16,control,4,induction,5,10,2164.76110791,3,nogo,avoid,0,-1,0,1,8
16,control,4,induction,5,11,2170.04255996,2,go,avoid,1,0.290690675873,-11,0,-3
16,control,4,induction,5,12,2175.30394633,2,go,avoid,0,-1,0,0,-3
16,control,4,induction,5,13,2180.78583524,4,go,win,0,-1,0,1,-3
16,control,4,induction,5,14,2186.13743189,4,go,win,0,-1,0,1,-3
16,control,4,induction,5,15,2191.56920653,3,nogo,avoid,0,-1,0,1,-3
16,control,4,induction,5,16,2197.06110506,1,nogo,win,0,-1,0,0,-3
16,control,4,induction,5,17,2202.56302021,1,nogo,win,0,-1,10,1,7
16,control,4,induction,5,18,2208.00481645,2,go,avoid,0,-1,0,0,7
16,control,4,induction,5,19,2213.32635205,4,go,win,1,0.300717640312,9,1,16
16,control,4,induction,5,20,2218.57773254,1,nogo,win,0,-1,10,1,26
16,control,4,induction,5,21,2224.10971618,2,go,avoid,1,0.270646686804,-11,0,15
16,control,4,induction,5,22,2229.71185212,1,nogo,win,1,0.270647904843,9,0,24
16,control,4,induction,5,23,2234.97325467,2,go,avoid,0,-1,-10,1,14
16,control,4,induction,5,24,2240.46516044,1,nogo,win,1,0.280662694899,9,0,23
16,control,4,induction,5,25,2245.9370103,4,go,win,0,-1,10,0,33
16,control,4,induction,5,26,2251.04809357,1,nogo,win,1,0.28066565729,-1,1,32
16,control,4,induction,5,27,2256.30949482,2,go,avoid,0,-1,0,0,32
16,control,4,induction,5,28,2261.82143394,2,go,avoid,0,-1,0,0,32
16,control,4,induction,5,29,2267.10288042,1,nogo,win,1,0.280668977579,9,0,41
16,control,4,induction,5,30,2272.67495488,3,nogo,avoid,0,-1,0,1,41
16,control,4,induction,5,31,2278.10672786,3,nogo,avoid,1,0.360729605029,-1,0,40
16,control,4,induction,5,32,2283.47836862,4,go,win,0,-1,10,0,50
16,control,4,induction,5,33,2288.83997808,4,go,win,0,-1,0,1,50
16,control,4,induction,5,34,2294.50225526,1,nogo,win,1,0.190481124464,-1,1,49
16,control,4,induction,5,35,2299.8839141,2,go,avoid,0,-1,-10,1,39
16,control,4,induction,5,36,2305.27560347,4,go,win,0,-1,10,0,49
16,control,4,induction,5,37,2310.77752559,1,nogo,win,1,0.390980250995,-1,1,48
16,control,4,induction,5,38,2316.30951241,4,go,win,0,-1,10,0,58
16,control,4,induction,5,39,2321.68114732,4,go,win,0,-1,10,0,68
16,control,4,induction,5,40,2327.06281343,3,nogo,avoid,0,-1,0,1,68
16,control,4,induction,5,41,2332.30417065,3,nogo,avoid,0,-1,0,1,68
16,control,4,induction,5,42,2337.56564915,1,nogo,win,1,0.300716241822,-1,1,67
16,control,4,induction,5,43,2343.14766,4,go,win,0,-1,0,1,67
16,control,4,induction,5,44,2348.82998052,3,nogo,avoid,0,-1,0,1,67
16,control,4,induction,5,45,2354.30184214,4,go,win,0,-1,0,1,67
16,control,4,induction,5,46,2359.75365452,1,nogo,win,1,0.290692675866,9,0,76
16,control,4,induction,5,47,2365.45601547,2,go,avoid,0,-1,-10,1,66
16,control,4,induction,5,48,2370.95793344,1,nogo,win,1,0.370875164444,-1,1,65
16,control,4,induction,5,49,2376.44986007,1,nogo,win,1,0.420968922153,9,0,74
16,control,4,induction,5,50,2381.76134277,3,nogo,avoid,0,-1,0,1,74
16,control,4,induction,5,51,2387.13298548,3,nogo,avoid,0,-1,0,1,74
16,control,4,induction,5,52,2392.64492227,4,go,win,0,-1,0,1,74
16,control,4,induction,5,53,2398.02658645,3,nogo,avoid,0,-1,0,1,74
16,control,4,induction,5,54,2403.45835914,3,nogo,avoid,0,-1,-10,0,64
16,control,4,induction,5,55,2409.01038923,2,go,avoid,1,0.310734983737,-11,0,53
16,control,4,induction,5,56,2414.59248373,4,go,win,1,0.4911280944,9,1,62
16,control,4,induction,5,57,2420.1745823,4,go,win,1,0.270646422141,-1,0,61
16,control,4,induction,5,58,2425.74665422,2,go,avoid,0,-1,-10,1,51
16,control,4,induction,5,59,2431.35881339,4,go,win,0,-1,10,0,61
16,control,4,induction,5,60,2436.48993589,1,nogo,win,1,0.320753024906,-1,1,60
16,control,4,induction,5,61,2441.86157792,3,nogo,avoid,0,-1,0,1,60
16,control,4,induction,5,62,2447.3735195,2,go,avoid,1,0.310729052937,-1,1,59
16,control,4,induction,5,63,2452.84537632,3,nogo,avoid,0,-1,0,1,59
16,control,4,induction,5,64,2458.30721455,4,go,win,1,0.491131032733,9,1,68
16,control,4,induction,5,65,2463.78908956,2,go,avoid,1,0.551261285666,-1,1,67
16,control,4,induction,5,66,2469.23088609,4,go,win,1,0.451049472609,-1,0,66
16,control,4,induction,5,67,2474.62256943,1,nogo,win,1,0.340798830508,-1,1,65
16,control,4,induction,5,68,2480.02427568,3,nogo,avoid,0,-1,-10,0,55
16,control,4,induction,5,69,2485.2355653,3,nogo,avoid,0,-1,0,1,55
16,control,4,induction,5,70,2490.65732053,3,nogo,avoid,0,-1,0,1,55
16,control,4,induction,5,71,2495.84856314,2,go,avoid,1,0.2907058337,-1,1,54
16,control,4,induction,5,72,2501.3605085,1,nogo,win,1,0.300707462909,-1,1,53
16,control,4,induction,5,73,2506.72212538,1,nogo,win,1,0.280668252766,9,0,62
16,control,4,induction,5,74,2512.2841747,1,nogo,win,0,-1,0,0,62
16,control,4,induction,5,75,2517.5455838,4,go,win,0,-1,0,1,62
16,control,4,induction,5,76,2523.18780928,2,go,avoid,1,0.290697999149,-1,1,61
16,control,4,induction,5,77,2528.48929867,2,go,avoid,1,0.2906924503,-11,0,50
16,control,4,induction,5,78,2533.69056978,2,go,avoid,1,0.501145717528,-1,1,49
16,control,4,induction,5,79,2538.98203597,3,nogo,avoid,0,-1,0,1,49
16,control,5,exp,1,0,2696.74382544,4,nogo,avoid,0,-1,0,1,0
16,control,5,exp,1,1,2702.09542816,4,nogo,avoid,1,0.661503918782,-1,0,-1
16,control,5,exp,1,2,2707.67750978,1,go,avoid,1,0.781753684838,-1,1,-2
16,control,5,exp,1,3,2713.18945807,1,go,avoid,0,-1,-10,1,-12
16,control,5,exp,1,4,2718.61120401,2,go,win,1,0.541223602475,9,1,-3
16,control,5,exp,1,5,2724.16323171,3,nogo,win,1,0.240515790694,-1,1,-4
16,control,5,exp,1,6,2729.42463208,4,nogo,avoid,0,-1,0,1,-4
16,control,5,exp,1,7,2734.7261139,3,nogo,win,0,-1,0,0,-4
16,control,5,exp,1,8,2740.31823054,4,nogo,avoid,0,-1,0,1,-4
16,control,5,exp,1,9,2745.64978275,3,nogo,win,0,-1,10,1,6
16,control,5,exp,1,10,2751.13166167,1,go,avoid,1,0.240730571728,-1,1,5
16,control,5,exp,1,11,2756.77388709,1,go,avoid,1,0.651475474649,-11,0,-6
16,control,5,exp,1,12,2762.21567582,3,nogo,win,0,-1,10,1,4
16,control,5,exp,1,13,2767.74766167,3,nogo,win,0,-1,10,1,14
16,control,5,exp,1,14,2773.28966748,4,nogo,avoid,0,-1,0,1,14
16,control,5,exp,1,15,2778.7615268,3,nogo,win,0,-1,10,1,24
16,control,5,exp,1,16,2784.21333931,2,go,win,1,0.230562410903,9,1,33
16,control,5,exp,1,17,2789.56493137,1,go,avoid,1,0.310735278475,-1,1,32
16,control,5,exp,1,18,2794.93657282,1,go,avoid,1,0.300703020825,-1,1,31
16,control,5,exp,1,19,2800.34830093,3,nogo,win,0,-1,10,1,41
16,control,5,exp,1,20,2806.00055389,4,nogo,avoid,0,-1,0,1,41
16,control,5,exp,1,21,2811.41227016,4,nogo,avoid,0,-1,0,1,41
16,control,5,exp,1,22,2816.58347793,2,go,win,1,0.420970404852,9,1,50
16,control,5,exp,1,23,2821.64444502,3,nogo,win,0,-1,10,1,60
16,control,5,exp,1,24,2826.83568925,4,nogo,avoid,0,-1,0,1,60
16,control,5,exp,1,25,2832.08708153,4,nogo,avoid,0,-1,0,1,60
16,control,5,exp,1,26,2837.42864328,1,go,avoid,1,0.231139018953,-1,1,59
16,control,5,exp,1,27,2842.92053779,2,go,win,1,0.300737162033,9,1,68
16,control,5,exp,1,28,2848.58281317,3,nogo,win,0,-1,10,1,78
16,control,5,exp,1,29,2853.70391204,3,nogo,win,0,-1,10,1,88
16,control,5,exp,1,30,2858.96531521,2,go,win,1,0.330775291623,9,1,97
16,control,5,exp,1,31,2864.26679996,1,go,avoid,1,0.270651577008,-1,1,96
16,control,5,exp,1,32,2869.6083716,3,nogo,win,0,-1,10,1,106
16,control,5,exp,1,33,2875.05016326,4,nogo,avoid,0,-1,-10,0,96
16,control,5,exp,1,34,2880.26145696,3,nogo,win,0,-1,10,1,106
16,control,5,exp,1,35,2885.64312029,2,go,win,1,0.230562489098,9,1,115
16,control,5,exp,1,36,2890.88447758,2,go,win,1,0.621411155698,9,1,124
16,control,5,exp,1,37,2896.17594005,1,go,avoid,1,0.300723005701,-1,1,123
16,control,5,exp,1,38,2901.74801228,4,nogo,avoid,0,-1,0,1,123
16,control,5,exp,1,39,2906.92924095,3,nogo,win,0,-1,10,1,133
16,control,5,exp,1,40,2912.09043002,2,go,win,1,0.300713583187,9,1,142
16,control,5,exp,1,41,2917.81282582,2,go,win,1,0.280725587858,9,1,151
16,control,5,exp,1,42,2923.31474397,1,go,avoid,1,0.18045433145,-1,1,150
16,control,5,exp,1,43,2928.57617465,2,go,win,1,0.171030408033,9,1,159
16,control,5,exp,1,44,2934.04800501,1,go,avoid,1,0.37085970286,-1,1,158
16,control,5,exp,1,45,2939.27934033,3,nogo,win,0,-1,0,0,158
16,control,5,exp,1,46,2944.40044011,1,go,avoid,1,0.140364434523,-11,0,147
16,control,5,exp,1,47,2949.79212107,4,nogo,avoid,0,-1,-10,0,137
16,control,5,exp,1,48,2955.50449387,4,nogo,avoid,0,-1,-10,0,127
16,control,5,exp,1,49,2960.81600409,1,go,avoid,1,0.270645092824,-1,1,126
16,control,5,exp,1,50,2966.19766972,1,go,avoid,1,0.260625018582,-1,1,125
16,control,5,exp,1,51,2971.59937857,2,go,win,1,0.300709453881,-1,0,124
16,control,5,exp,1,52,2977.14138605,3,nogo,win,0,-1,10,1,134
16,control,5,exp,1,53,2982.67336308,1,go,avoid,1,0.340802153802,-1,1,133
16,control,5,exp,1,54,2988.18530308,4,nogo,avoid,0,-1,0,1,133
16,control,5,exp,1,55,2993.55695619,1,go,avoid,1,0.260622805057,-11,0,122
16,control,5,exp,1,56,2998.95866083,2,go,win,1,0.240582752813,-1,0,121
16,control,5,exp,1,57,3004.02964559,3,nogo,win,0,-1,10,1,131
16,control,5,exp,1,58,3009.55164872,1,go,avoid,1,0.120323943185,-11,0,120
16,control,5,exp,1,59,3014.78294804,2,go,win,1,0.140359378904,9,1,129
16,control,5,exp,1,60,3020.33497972,4,nogo,avoid,0,-1,-10,0,119
16,control,5,exp,1,61,3025.54627252,3,nogo,win,0,-1,10,1,129
16,control,5,exp,1,62,3030.92793245,4,nogo,avoid,0,-1,0,1,129
16,control,5,exp,1,63,3036.33966512,2,go,win,1,0.310730661949,9,1,138
16,control,5,exp,1,64,3041.67121017,4,nogo,avoid,0,-1,0,1,138
16,control,5,exp,1,65,3047.07292123,1,go,avoid,1,0.551252287209,-1,1,137
16,control,5,exp,1,66,3052.48463979,1,go,avoid,1,0.260620290785,-1,1,136
16,control,5,exp,1,67,3057.88634725,3,nogo,win,0,-1,10,1,146
16,control,5,exp,1,68,3063.38827133,2,go,win,1,0.320751479048,9,1,155
16,control,5,exp,1,69,3068.64967665,3,nogo,win,0,-1,10,1,165
16,control,5,exp,1,70,3073.98123059,2,go,win,1,0.230562534209,9,1,174
16,control,5,exp,1,71,3079.28271428,1,go,avoid,1,0.370862535929,-11,0,163
16,control,5,exp,1,72,3084.42385689,4,nogo,avoid,0,-1,0,1,163
16,control,5,exp,1,73,3089.89571532,4,nogo,avoid,0,-1,-10,0,153
16,control,5,exp,1,74,3095.57802536,3,nogo,win,0,-1,0,0,153
16,control,5,exp,1,75,3100.84943726,2,go,win,0,-1,0,1,153
16,control,5,exp,1,76,3106.09081086,4,nogo,avoid,1,0.410956114047,-11,1,142
16,control,5,exp,1,77,3111.66287887,2,go,win,1,0.531208923698,9,1,151
16,control,5,exp,1,78,3117.00448575,2,go,win,1,0.26062614339,9,1,160
16,control,5,exp,1,79,3122.33600616,2,go,win,0,-1,0,1,160
16,control,6,exp,2,0,3297.98655691,1,nogo,avoid,0,-1,0,1,0
16,control,6,exp,2,1,3303.22791012,3,nogo,win,0,-1,10,1,10
16,control,6,exp,2,2,3308.72982887,4,go,win,1,0.430998927179,9,1,19
16,control,6,exp,2,3,3314.14156277,1,nogo,avoid,1,0.511172402264,-11,1,8
16,control,6,exp,2,4,3319.33280389,2,go,avoid,0,-1,-10,1,-2
16,control,6,exp,2,5,3324.72448576,1,nogo,avoid,0,-1,-10,0,-12
16,control,6,exp,2,6,3330.03599259,3,nogo,win,0,-1,0,0,-12
16,control,6,exp,2,7,3335.36754779,4,go,win,1,0.340792177907,9,1,-3
16,control,6,exp,2,8,3340.53875037,4,go,win,1,0.300710969663,9,1,6
16,control,6,exp,2,9,3346.03064684,3,nogo,win,0,-1,10,1,16
16,control,6,exp,2,10,3351.37222166,1,nogo,avoid,0,-1,-10,0,6
16,control,6,exp,2,11,3356.7639004,4,go,win,1,0.320755039935,-1,0,5
16,control,6,exp,2,12,3361.97519631,3,nogo,win,0,-1,10,1,15
16,control,6,exp,2,13,3367.32678921,4,go,win,1,0.29069301872,9,1,24
16,control,6,exp,2,14,3372.6282781,4,go,win,1,0.290692149552,-1,0,23
16,control,6,exp,2,15,3378.17027867,2,go,avoid,0,-1,-10,1,13
16,control,6,exp,2,16,3383.23128498,4,go,win,1,0.250607825532,-1,0,12
16,control,6,exp,2,17,3388.86345423,1,nogo,avoid,1,0.531212692105,-11,1,1
16,control,6,exp,2,18,3394.33530879,3,nogo,win,0,-1,10,1,11
16,control,6,exp,2,19,3400.00759701,4,go,win,1,0.200491896489,9,1,20
16,control,6,exp,2,20,3405.27901394,2,go,avoid,1,0.441022520205,-1,1,19
16,control,6,exp,2,21,3410.75091258,2,go,avoid,1,0.250601813525,-1,1,18
16,control,6,exp,2,22,3416.42317363,1,nogo,avoid,1,0.350823933299,-11,1,7
16,control,6,exp,2,23,3421.73467348,2,go,avoid,1,0.290690218731,-11,0,-4
16,control,6,exp,2,24,3426.98605365,1,nogo,avoid,0,-1,-10,0,-14
16,control,6,exp,2,25,3432.5781744,1,nogo,avoid,0,-1,-10,0,-24
16,control,6,exp,2,26,3438.14022315,4,go,win,1,0.290696254793,-1,0,-25
16,control,6,exp,2,27,3443.41164734,3,nogo,win,0,-1,10,1,-15
16,control,6,exp,2,28,3448.67305231,3,nogo,win,0,-1,10,1,-5
16,control,6,exp,2,29,3454.19501293,2,go,avoid,1,0.380902002569,-11,0,-16
16,control,6,exp,2,30,3459.45641786,3,nogo,win,0,-1,0,0,-16
16,control,6,exp,2,31,3464.707793,1,nogo,avoid,0,-1,-10,0,-26
16,control,6,exp,2,32,3470.19969618,2,go,avoid,0,-1,-10,1,-36
16,control,6,exp,2,33,3475.55129127,2,go,avoid,0,-1,-10,1,-46
16,control,6,exp,2,34,3481.07325426,2,go,avoid,0,-1,-10,1,-56
16,control,6,exp,2,35,3486.42484937,3,nogo,win,0,-1,10,1,-46
16,control,6,exp,2,36,3491.98690933,4,go,win,1,0.260628444132,-1,0,-47
16,control,6,exp,2,37,3497.21823983,4,go,win,1,0.260626185493,9,1,-38
16,control,6,exp,2,38,3502.53976662,1,nogo,avoid,1,0.390906410714,-11,1,-49
16,control,6,exp,2,39,3508.11184631,3,nogo,win,0,-1,10,1,-39
16,control,6,exp,2,40,3513.47346091,3,nogo,win,0,-1,0,0,-39
16,control,6,exp,2,41,3518.63468465,3,nogo,win,0,-1,10,1,-29
16,control,6,exp,2,42,3523.96620137,4,go,win,1,0.300710777185,9,1,-20
16,control,6,exp,2,43,3529.16747352,2,go,avoid,0,-1,0,0,-20
16,control,6,exp,2,44,3534.50904062,1,nogo,avoid,1,0.230562125191,-11,1,-31
16,control,6,exp,2,45,3539.98090382,1,nogo,avoid,0,-1,-10,0,-41
16,control,6,exp,2,46,3545.2723656,4,go,win,1,0.471088156442,9,1,-32
16,control,6,exp,2,47,3550.86448301,3,nogo,win,0,-1,10,1,-22
16,control,6,exp,2,48,3556.33634206,3,nogo,win,0,-1,10,1,-12
16,control,6,exp,2,49,3561.94850337,2,go,avoid,0,-1,0,0,-12
16,control,6,exp,2,50,3567.14977304,2,go,avoid,0,-1,-10,1,-22
16,control,6,exp,2,51,3572.59156094,3,nogo,win,0,-1,10,1,-12
16,control,6,exp,2,52,3577.88302809,2,go,avoid,0,-1,-10,1,-22
16,control,6,exp,2,53,3583.2747173,2,go,avoid,0,-1,-10,1,-32
16,control,6,exp,2,54,3588.57620299,2,go,avoid,0,-1,-10,1,-42
16,control,6,exp,2,55,3593.9979517,1,nogo,avoid,0,-1,0,1,-42
16,control,6,exp,2,56,3599.35956877,4,go,win,1,0.451721794536,9,1,-33
16,control,6,exp,2,57,3604.73120751,3,nogo,win,0,-1,0,0,-33
16,control,6,exp,2,58,3610.36341379,3,nogo,win,0,-1,10,1,-23
16,control,6,exp,2,59,3615.86533328,2,go,avoid,1,0.300719113988,-11,0,-34
16,control,6,exp,2,60,3621.31714937,4,go,win,1,0.23055684401,9,1,-25
16,control,6,exp,2,61,3626.60861537,1,nogo,avoid,0,-1,0,1,-25
16,control,6,exp,2,62,3632.20073732,2,go,avoid,0,-1,-10,1,-35
16,control,6,exp,2,63,3637.39198195,1,nogo,avoid,0,-1,0,1,-35
16,control,6,exp,2,64,3642.74357371,4,go,win,1,0.200493538588,9,1,-26
16,control,6,exp,2,65,3647.86467389,2,go,avoid,0,-1,-10,1,-36
16,control,6,exp,2,66,3653.01583966,2,go,avoid,0,-1,0,0,-36
16,control,6,exp,2,67,3658.31732392,4,go,win,1,0.400927324048,-1,0,-37
16,control,6,exp,2,68,3663.5787298,1,nogo,avoid,0,-1,-10,0,-47
16,control,6,exp,2,69,3668.90025814,3,nogo,win,0,-1,10,1,-37
16,control,6,exp,2,70,3674.21177045,3,nogo,win,0,-1,0,0,-37
16,control,6,exp,2,71,3679.77382025,4,go,win,1,0.260620059205,-1,0,-38
16,control,6,exp,2,72,3685.04524492,2,go,avoid,0,-1,-10,1,-48
16,control,6,exp,2,73,3690.4369304,1,nogo,avoid,0,-1,0,1,-48
16,control,6,exp,2,74,3695.5279612,3,nogo,win,0,-1,10,1,-38
16,control,6,exp,2,75,3700.91964325,4,go,win,0,-1,0,1,-38
16,control,6,exp,2,76,3706.46165153,1,nogo,avoid,0,-1,0,1,-38
16,control,6,exp,2,77,3711.62283982,1,nogo,avoid,0,-1,0,1,-38
16,control,6,exp,2,78,3717.14480124,1,nogo,avoid,0,-1,0,1,-38
16,control,6,exp,2,79,3722.52646055,4,go,win,1,0.261298134486,9,1,-29
16,control,7,induction,3,0,3880.02768812,4,go,avoid,0,-1,0,0,0
16,control,7,induction,3,1,3885.17884597,3,nogo,avoid,0,-1,0,1,0
16,control,7,induction,3,2,3890.23981338,3,nogo,avoid,1,0.491123017731,-1,0,-1
16,control,7,induction,3,3,3895.73170517,1,nogo,win,0,-1,10,1,9
16,control,7,induction,3,4,3901.25366817,4,go,avoid,1,0.501141299501,-11,0,-2
16,control,7,induction,3,5,3906.6854379,2,go,win,0,-1,10,0,8
16,control,7,induction,3,6,3912.39782283,1,nogo,win,0,-1,10,1,18
16,control,7,induction,3,7,3917.68927924,3,nogo,avoid,0,-1,-10,0,8
16,control,7,induction,3,8,3922.940657,2,go,win,0,-1,10,0,18
16,control,7,induction,3,9,3928.56284222,3,nogo,avoid,0,-1,-10,0,8
16,control,7,induction,3,10,3934.07477823,4,go,avoid,0,-1,0,0,8
16,control,7,induction,3,11,3939.60676663,1,nogo,win,0,-1,10,1,18
16,control,7,induction,3,12,3945.03853591,2,go,win,0,-1,0,1,18
16,control,7,induction,3,13,3950.60059013,3,nogo,avoid,1,0.330782515652,-11,1,7
16,control,7,induction,3,14,3955.91211832,4,go,avoid,0,-1,-10,1,-3
16,control,7,induction,3,15,3961.39397286,2,go,win,0,-1,0,1,-3
16,control,7,induction,3,16,3966.96604803,3,nogo,avoid,0,-1,-10,0,-13
16,control,7,induction,3,17,3972.51807301,4,go,avoid,1,0.300716816255,-1,1,-14
16,control,7,induction,3,18,3977.67926134,3,nogo,avoid,1,0.300718771134,-1,0,-15
16,control,7,induction,3,19,3983.0709421,3,nogo,avoid,1,0.300716629787,-11,1,-26
16,control,7,induction,3,20,3988.14193458,1,nogo,win,0,-1,0,0,-26
16,control,7,induction,3,21,3993.72402358,2,go,win,0,-1,0,1,-26
16,control,7,induction,3,22,3999.41635854,1,nogo,win,1,0.300717086931,-1,1,-27
16,control,7,induction,3,23,4004.77797304,2,go,win,0,-1,0,1,-27
16,control,7,induction,3,24,4010.37008974,4,go,avoid,1,0.320768609803,-1,1,-28
16,control,7,induction,3,25,4015.60142922,4,go,avoid,1,0.420977292044,-1,1,-29
16,control,7,induction,3,26,4020.7225111,2,go,win,0,-1,0,1,-29
16,control,7,induction,3,27,4025.98392063,2,go,win,1,0.54123184906,-1,0,-30
16,control,7,induction,3,28,4031.10502198,1,nogo,win,0,-1,10,1,-20
16,control,7,induction,3,29,4036.45661799,2,go,win,0,-1,0,1,-20
16,control,7,induction,3,30,4041.9384949,4,go,avoid,0,-1,0,0,-20
16,control,7,induction,3,31,4047.16982856,4,go,avoid,0,-1,-10,1,-30
16,control,7,induction,3,32,4052.64168378,2,go,win,1,0.461067889719,-1,0,-31
16,control,7,induction,3,33,4057.90308279,2,go,win,0,-1,10,0,-21
16,control,7,induction,3,34,4063.36492611,3,nogo,avoid,1,0.250656083972,-11,1,-32
16,control,7,induction,3,35,4068.58623778,1,nogo,win,0,-1,10,1,-22
16,control,7,induction,3,36,4073.97791864,4,go,avoid,0,-1,-10,1,-32
16,control,7,induction,3,37,4079.31949033,1,nogo,win,0,-1,10,1,-22
16,control,7,induction,3,38,4084.48067633,3,nogo,avoid,0,-1,0,1,-22
16,control,7,induction,3,39,4090.22311899,4,go,avoid,1,0.410953175713,-1,1,-23
16,control,7,induction,3,40,4095.64486741,4,go,avoid,0,-1,-10,1,-33
16,control,7,induction,3,41,4101.02653655,1,nogo,win,0,-1,10,1,-23
16,control,7,induction,3,42,4106.26788385,2,go,win,0,-1,10,0,-13
16,control,7,induction,3,43,4111.82993549,3,nogo,avoid,0,-1,-10,0,-23
16,control,7,induction,3,44,4117.31181728,1,nogo,win,0,-1,10,1,-13
16,control,7,induction,3,45,4122.92398093,2,go,win,0,-1,10,0,-3
16,control,7,induction,3,46,4128.1853741,3,nogo,avoid,1,0.380894992075,-11,1,-14
16,control,7,induction,3,47,4133.63721343,4,go,avoid,1,0.24057658442,-1,1,-15
16,control,7,induction,3,48,4139.04892003,3,nogo,avoid,1,0.330784184815,-11,1,-26
16,control,7,induction,3,49,4144.39049206,4,go,avoid,1,0.290686805212,-1,1,-27
16,control,7,induction,3,50,4149.86234903,3,nogo,avoid,1,0.290678507503,-11,1,-38
16,control,7,induction,3,51,4155.14379013,3,nogo,avoid,0,-1,0,1,-38
16,control,7,induction,3,52,4160.41521768,1,nogo,win,0,-1,10,1,-28
16,control,7,induction,3,53,4165.88707227,1,nogo,win,0,-1,10,1,-18
16,control,7,induction,3,54,4171.32886198,4,go,avoid,1,0.240584064086,-1,1,-19
16,control,7,induction,3,55,4176.42991886,1,nogo,win,0,-1,10,1,-9
16,control,7,induction,3,56,4181.72138506,3,nogo,avoid,1,0.300715769645,-11,1,-20
16,control,7,induction,3,57,4187.36361526,1,nogo,win,0,-1,10,1,-10
16,control,7,induction,3,58,4192.69516432,2,go,win,0,-1,10,0,0
16,control,7,induction,3,59,4198.27729765,2,go,win,0,-1,0,1,0
16,control,7,induction,3,60,4203.76916127,1,nogo,win,0,-1,0,0,0
16,control,7,induction,3,61,4209.39135033,4,go,avoid,0,-1,-10,1,-10
16,control,7,induction,3,62,4214.91331017,3,nogo,avoid,0,-1,0,1,-10
16,control,7,induction,3,63,4220.33505777,2,go,win,0,-1,0,1,-10
16,control,7,induction,3,64,4225.95724084,1,nogo,win,0,-1,0,0,-10
16,control,7,induction,3,65,4231.21864415,2,go,win,0,-1,0,1,-10
16,control,7,induction,3,66,4236.31969327,4,go,avoid,1,0.320748874547,-1,1,-11
16,control,7,induction,3,67,4241.77150607,1,nogo,win,0,-1,10,1,-1
16,control,7,induction,3,68,4247.16321603,1,nogo,win,0,-1,0,0,-1
16,control,7,induction,3,69,4252.38450643,2,go,win,0,-1,0,1,-1
16,control,7,induction,3,70,4257.84634385,2,go,win,0,-1,0,1,-1
16,control,7,induction,3,71,4263.19793436,4,go,avoid,1,0.270637907892,-1,1,-2
16,control,7,induction,3,72,4268.60966803,4,go,avoid,1,0.400933071393,-1,1,-3
16,control,7,induction,3,73,4274.08152976,1,nogo,win,0,-1,10,1,7
16,control,7,induction,3,74,4279.28279603,4,go,avoid,0,-1,-10,1,-3
16,control,7,induction,3,75,4284.84484814,3,nogo,avoid,0,-1,-10,0,-13
16,control,7,induction,3,76,4289.87574898,3,nogo,avoid,1,0.200494660388,-11,1,-24
16,control,7,induction,3,77,4295.24739407,1,nogo,win,0,-1,10,1,-14
16,control,7,induction,3,78,4300.74930871,3,nogo,avoid,0,-1,0,1,-14
16,control,7,induction,3,79,4306.05079855,2,go,win,0,-1,0,1,-14
16,control,8,exp,8,0,4450.21312656,2,go,win,0,-1,0,1,0
16,control,8,exp,8,1,4455.75512631,1,nogo,avoid,1,0.711601814815,-11,1,-11
16,control,8,exp,8,2,4461.21697004,2,go,win,0,-1,10,0,-1
16,control,8,exp,8,3,4466.43827403,2,go,win,0,-1,0,1,-1
16,control,8,exp,8,4,4472.15065234,4,go,avoid,1,0.421065294671,-1,1,-2
16,control,8,exp,8,5,4477.45213733,1,nogo,avoid,0,-1,0,1,-2
16,control,8,exp,8,6,4482.994146,2,go,win,1,0.360850085715,9,1,7
16,control,8,exp,8,7,4488.23549761,3,nogo,win,0,-1,10,1,17
16,control,8,exp,8,8,4493.70735258,4,go,avoid,0,-1,-10,1,7
16,control,8,exp,8,9,4499.40970528,3,nogo,win,0,-1,0,0,7
16,control,8,exp,8,10,4504.70117824,3,nogo,win,0,-1,0,0,7
16,control,8,exp,8,11,4509.94252901,1,nogo,avoid,0,-1,0,1,7
16,control,8,exp,8,12,4515.32417798,4,go,avoid,1,0.270645601093,-1,1,6
16,control,8,exp,8,13,4520.80609004,3,nogo,win,1,0.451038648596,-1,1,5
16,control,8,exp,8,14,4526.14763693,4,go,avoid,1,0.811818671456,-11,0,-6
16,control,8,exp,8,15,4531.72972826,1,nogo,avoid,0,-1,0,1,-6
16,control,8,exp,8,16,4537.31182929,2,go,win,0,-1,0,1,-6
16,control,8,exp,8,17,4542.90394195,3,nogo,win,0,-1,10,1,4
16,control,8,exp,8,18,4548.2054235,2,go,win,1,0.531127949613,9,1,13
16,control,8,exp,8,19,4553.61716041,1,nogo,avoid,0,-1,0,1,13
16,control,8,exp,8,20,4559.05897481,3,nogo,win,0,-1,10,1,23
16,control,8,exp,8,21,4564.54081854,3,nogo,win,0,-1,10,1,33
16,control,8,exp,8,22,4569.94252602,4,go,avoid,1,0.260643719252,-1,1,32
16,control,8,exp,8,23,4575.20390524,1,nogo,avoid,0,-1,0,1,32
16,control,8,exp,8,24,4580.83612935,1,nogo,avoid,1,0.50115467087,-11,1,21
16,control,8,exp,8,25,4586.28794469,4,go,avoid,1,0.290692787141,-11,0,10
16,control,8,exp,8,26,4591.78985709,4,go,avoid,1,0.290685283413,-1,1,9
16,control,8,exp,8,27,4597.2216351,3,nogo,win,0,-1,0,0,9
16,control,8,exp,8,28,4602.51309565,1,nogo,avoid,0,-1,0,1,9
16,control,8,exp,8,29,4608.11522928,1,nogo,avoid,0,-1,0,1,9
16,control,8,exp,8,30,4613.47685413,4,go,avoid,1,0.250594887239,-1,1,8
16,control,8,exp,8,31,4618.76831682,1,nogo,avoid,0,-1,0,1,8
16,control,8,exp,8,32,4624.30034656,3,nogo,win,0,-1,10,1,18
16,control,8,exp,8,33,4629.56170568,2,go,win,0,-1,10,0,28
16,control,8,exp,8,34,4634.72288927,1,nogo,avoid,0,-1,-10,0,18
16,control,8,exp,8,35,4640.22480379,3,nogo,win,0,-1,10,1,28
16,control,8,exp,8,36,4645.66660763,2,go,win,0,-1,10,0,38
16,control,8,exp,8,37,4650.98813573,4,go,avoid,1,0.230564600366,-1,1,37
16,control,8,exp,8,38,4656.33972449,1,nogo,avoid,0,-1,0,1,37
16,control,8,exp,8,39,4661.46083276,1,nogo,avoid,0,-1,-10,0,27
16,control,8,exp,8,40,4666.82244262,4,go,avoid,1,0.170432515864,-1,1,26
16,control,8,exp,8,41,4672.12394333,3,nogo,win,0,-1,10,1,36
16,control,8,exp,8,42,4677.75613605,2,go,win,0,-1,0,1,36
16,control,8,exp,8,43,4682.87722685,2,go,win,1,0.701590633766,-1,0,35
16,control,8,exp,8,44,4688.07850992,2,go,win,0,-1,0,1,35
16,control,8,exp,8,45,4693.67062026,2,go,win,0,-1,0,1,35
16,control,8,exp,8,46,4699.0723274,4,go,avoid,1,0.220543253952,-1,1,34
16,control,8,exp,8,47,4704.49407039,1,nogo,avoid,0,-1,0,1,34
16,control,8,exp,8,48,4709.69533923,3,nogo,win,0,-1,10,1,44
16,control,8,exp,8,49,4715.00685267,1,nogo,avoid,0,-1,-10,0,34
16,control,8,exp,8,50,4720.55888673,3,nogo,win,0,-1,10,1,44
16,control,8,exp,8,51,4725.58978383,2,go,win,0,-1,10,0,54
16,control,8,exp,8,52,4731.26207576,4,go,avoid,1,0.0802443168868,-11,0,43
16,control,8,exp,8,53,4736.67380039,2,go,win,0,-1,10,0,53
16,control,8,exp,8,54,4742.21580878,3,nogo,win,1,0.300771068654,-1,1,52
16,control,8,exp,8,55,4747.90817417,3,nogo,win,0,-1,10,1,62
16,control,8,exp,8,56,4753.33991602,4,go,avoid,1,0.290686681903,-1,1,61
16,control,8,exp,8,57,4758.67146581,2,go,win,0,-1,0,1,61
16,control,8,exp,8,58,4764.31369111,3,nogo,win,0,-1,10,1,71
16,control,8,exp,8,59,4769.69535343,1,nogo,avoid,0,-1,-10,0,61
16,control,8,exp,8,60,4774.98682598,1,nogo,avoid,0,-1,0,1,61
16,control,8,exp,8,61,4780.07785384,3,nogo,win,0,-1,10,1,71
16,control,8,exp,8,62,4785.22899631,1,nogo,avoid,0,-1,0,1,71
16,control,8,exp,8,63,4790.7910662,1,nogo,avoid,0,-1,0,1,71
16,control,8,exp,8,64,4795.84206692,2,go,win,0,-1,0,1,71
16,control,8,exp,8,65,4801.14349496,2,go,win,0,-1,10,0,81
16,control,8,exp,8,66,4806.32472405,4,go,avoid,1,0.330784124664,-11,0,70
16,control,8,exp,8,67,4811.50595651,4,go,avoid,1,0.310734734114,-1,1,69
16,control,8,exp,8,68,4817.07802625,4,go,avoid,1,0.541245304637,-11,0,58
16,control,8,exp,8,69,4822.36949148,3,nogo,win,0,-1,0,0,58
16,control,8,exp,8,70,4827.48056856,3,nogo,win,0,-1,10,1,68
16,control,8,exp,8,71,4832.72192402,2,go,win,0,-1,0,1,68
16,control,8,exp,8,72,4838.1136115,4,go,avoid,1,0.320762393287,-1,1,67
16,control,8,exp,8,73,4843.77587799,4,go,avoid,0,-1,-10,1,57
16,control,8,exp,8,74,4849.39806017,3,nogo,win,0,-1,0,0,57
16,control,8,exp,8,75,4854.84987407,4,go,avoid,1,0.280683260222,-1,1,56
16,control,8,exp,8,76,4860.12133322,4,go,avoid,1,0.290687439796,-11,0,45
16,control,8,exp,8,77,4865.48291367,2,go,win,0,-1,0,1,45
16,control,8,exp,8,78,4870.66413574,1,nogo,avoid,0,-1,-10,0,35
16,control,8,exp,8,79,4875.91552792,2,go,win,0,-1,0,1,35
16,control,9,exp,7,0,5073.28310895,3,nogo,avoid,0,-1,0,1,0
16,control,9,exp,7,1,5078.51444765,3,nogo,avoid,1,0.340796896682,-1,0,-1
16,control,9,exp,7,2,5083.61549669,4,go,win,1,0.651539200691,9,1,8
16,control,9,exp,7,3,5088.83680968,4,go,win,1,0.400941838274,9,1,17
16,control,9,exp,7,4,5094.13830018,3,nogo,avoid,1,0.661497181965,-1,0,16
16,control,9,exp,7,5,5099.67027942,4,go,win,1,0.571301148437,9,1,25
16,control,9,exp,7,6,5104.7312442,4,go,win,1,0.330776413419,9,1,34
16,control,9,exp,7,7,5110.31334044,1,go,avoid,0,-1,-10,1,24
16,control,9,exp,7,8,5116.04576236,4,go,win,1,0.250616733763,9,1,33
16,control,9,exp,7,9,5121.67796356,1,go,avoid,1,0.321099251989,-1,1,32
16,control,9,exp,7,10,5127.24001098,1,go,avoid,1,0.310745582188,-1,1,31
16,control,9,exp,7,11,5132.67178536,2,nogo,win,1,0.471075016649,9,0,40
16,control,9,exp,7,12,5138.18372811,3,nogo,avoid,0,-1,0,1,40
16,control,9,exp,7,13,5143.54534681,4,go,win,1,0.360840804551,9,1,49
16,control,9,exp,7,14,5148.86687643,3,nogo,avoid,0,-1,-10,0,39
16,control,9,exp,7,15,5154.0581277,1,go,avoid,1,0.330780494605,-1,1,38
16,control,9,exp,7,16,5159.60013105,2,nogo,win,1,0.370937073956,-1,1,37
16,control,9,exp,7,17,5164.64105089,3,nogo,avoid,0,-1,0,1,37
16,control,9,exp,7,18,5170.40354006,2,nogo,win,0,-1,0,0,37
16,control,9,exp,7,19,5175.78519726,2,nogo,win,0,-1,0,0,37
16,control,9,exp,7,20,5181.05663495,3,nogo,avoid,0,-1,0,1,37
16,control,9,exp,7,21,5186.45832686,2,nogo,win,0,-1,10,1,47
16,control,9,exp,7,22,5191.87005479,3,nogo,avoid,0,-1,0,1,47
16,control,9,exp,7,23,5197.36195166,3,nogo,avoid,0,-1,0,1,47
16,control,9,exp,7,24,5202.66343567,2,nogo,win,0,-1,10,1,57
16,control,9,exp,7,25,5207.92483897,3,nogo,avoid,0,-1,0,1,57
16,control,9,exp,7,26,5213.24637082,3,nogo,avoid,0,-1,-10,0,47
16,control,9,exp,7,27,5218.5278144,1,go,avoid,1,0.290687334531,-1,1,46
16,control,9,exp,7,28,5223.92951879,3,nogo,avoid,0,-1,0,1,46
16,control,9,exp,7,29,5229.10073261,4,go,win,1,0.400927874423,-1,0,45
16,control,9,exp,7,30,5234.6828175,1,go,avoid,1,0.551248873689,-1,1,44
16,control,9,exp,7,31,5240.00435803,4,go,win,0,-1,10,0,54
16,control,9,exp,7,32,5245.20561956,4,go,win,1,0.260623400543,-1,0,53
16,control,9,exp,7,33,5250.61734519,4,go,win,0,-1,0,1,53
16,control,9,exp,7,34,5255.77852983,2,nogo,win,0,-1,0,0,53
16,control,9,exp,7,35,5261.43077836,4,go,win,0,-1,0,1,53
16,control,9,exp,7,36,5266.68215499,1,go,avoid,0,-1,-10,1,43
16,control,9,exp,7,37,5271.97363111,4,go,win,1,0.251267431719,9,1,52
16,control,9,exp,7,38,5277.60582656,1,go,avoid,1,0.400933080415,-1,1,51
16,control,9,exp,7,39,5283.26809339,1,go,avoid,0,-1,-10,1,41
16,control,9,exp,7,40,5288.99049862,2,nogo,win,0,-1,10,1,51
16,control,9,exp,7,41,5294.66278468,3,nogo,avoid,0,-1,-10,0,41
16,control,9,exp,7,42,5300.08453916,1,go,avoid,1,0.280676288825,-1,1,40
16,control,9,exp,7,43,5305.46620261,2,nogo,win,0,-1,10,1,50
16,control,9,exp,7,44,5311.20864233,2,nogo,win,0,-1,10,1,60
16,control,9,exp,7,45,5316.85086555,2,nogo,win,0,-1,0,0,60
16,control,9,exp,7,46,5322.14233317,3,nogo,avoid,1,0.421649060583,-1,0,59
16,control,9,exp,7,47,5327.77453872,4,go,win,1,0.250601575932,-1,0,58
16,control,9,exp,7,48,5333.13615076,1,go,avoid,1,0.370861080297,-1,1,57
16,control,9,exp,7,49,5338.60801009,4,go,win,1,0.190471326008,9,1,66
16,control,9,exp,7,50,5344.01977188,3,nogo,avoid,0,-1,0,1,66
16,control,9,exp,7,51,5349.37133407,1,go,avoid,1,0.220534604363,-11,0,55
16,control,9,exp,7,52,5354.90331953,2,nogo,win,0,-1,0,0,55
16,control,9,exp,7,53,5360.47539827,1,go,avoid,1,0.180450385604,-11,0,44
16,control,9,exp,7,54,5365.79692294,1,go,avoid,1,0.310735110052,-1,1,43
16,control,9,exp,7,55,5371.39906648,4,go,win,1,0.280672345983,9,1,52
16,control,9,exp,7,56,5376.83083451,4,go,win,1,0.681539387588,-1,0,51
16,control,9,exp,7,57,5382.35280024,1,go,avoid,1,0.200490879954,-1,1,50
16,control,9,exp,7,58,5387.784571,3,nogo,avoid,0,-1,0,1,50
16,control,9,exp,7,59,5392.95578618,3,nogo,avoid,0,-1,0,1,50
16,control,9,exp,7,60,5398.20715444,2,nogo,win,0,-1,10,1,60
16,control,9,exp,7,61,5403.42846997,3,nogo,avoid,0,-1,-10,0,50
16,control,9,exp,7,62,5408.87025983,2,nogo,win,1,0.171037950859,9,0,59
16,control,9,exp,7,63,5414.3721793,2,nogo,win,0,-1,0,0,59
16,control,9,exp,7,64,5419.90417186,2,nogo,win,0,-1,10,1,69
16,control,9,exp,7,65,5425.37603032,2,nogo,win,1,0.461058358935,-1,1,68
16,control,9,exp,7,66,5430.72762719,1,go,avoid,1,0.22054472462,-1,1,67
16,control,9,exp,7,67,5436.1294529,2,nogo,win,1,0.310727732642,-1,1,66
16,control,9,exp,7,68,5441.67133427,2,nogo,win,0,-1,10,1,76
16,control,9,exp,7,69,5447.18328177,3,nogo,avoid,0,-1,0,1,76
16,control,9,exp,7,70,5452.93574315,3,nogo,avoid,0,-1,-10,0,66
16,control,9,exp,7,71,5458.33744992,1,go,avoid,1,0.130340414435,-11,0,55
16,control,9,exp,7,72,5463.52869801,4,go,win,1,0.350821942331,9,1,64
16,control,9,exp,7,73,5469.08074473,1,go,avoid,1,0.390906858833,-1,1,63
16,control,9,exp,7,74,5474.60269526,4,go,win,1,0.280672246736,9,1,72
16,control,9,exp,7,75,5479.74383573,2,nogo,win,0,-1,0,0,72
16,control,9,exp,7,76,5485.0152609,4,go,win,1,0.290695839762,9,1,81
16,control,9,exp,7,77,5490.53722859,1,go,avoid,1,0.491127977108,-11,0,70
16,control,9,exp,7,78,5495.89885199,4,go,win,1,0.23056321992,-1,0,69
16,control,9,exp,7,79,5501.37073368,1,go,avoid,0,-1,-10,1,59
