# {'date': u'2017_feb_10_1230', 'frameRate': 99.783391516681021, 'expName': 'pavlovian', u'participant': u'10'}
subj,condition,session_index,induction,cardset,trial,time,cardnumber,trial_type,reward_type,response,RT,RT_in_frames,reward,won_if_correct,reward_sum
10,control,1,induction,7,0,60.8251386373,2,nogo,win,1,0.972166623702,-1,1,-1
10,control,1,induction,7,1,66.0664742937,2,nogo,win,0,-1,10,1,9
10,control,1,induction,7,2,71.2677167908,1,go,avoid,1,0.390905443992,-1,1,8
10,control,1,induction,7,3,76.9099108283,1,go,avoid,0,-1,-10,1,-2
10,control,1,induction,7,4,82.2314111642,4,go,win,1,0.430997812264,9,1,7
10,control,1,induction,7,5,87.6631568897,3,nogo,avoid,0,-1,-10,0,-3
10,control,1,induction,7,6,92.9145128089,2,nogo,win,0,-1,10,1,7
10,control,1,induction,7,7,98.4164092399,1,go,avoid,1,0.360838288821,-1,1,6
10,control,1,induction,7,8,103.878215011,4,go,win,0,-1,0,1,6
10,control,1,induction,7,9,109.410171229,3,nogo,avoid,1,0.952118302743,-11,1,-5
10,control,1,induction,7,10,114.781787414,3,nogo,avoid,1,0.300705028099,-11,1,-16
10,control,1,induction,7,11,120.073222799,2,nogo,win,0,-1,10,1,-6
10,control,1,induction,7,12,125.404750543,2,nogo,win,0,-1,10,1,4
10,control,1,induction,7,13,130.896625021,1,go,avoid,1,0.340809170706,-1,1,3
10,control,1,induction,7,14,136.27826568,2,nogo,win,0,-1,0,0,3
10,control,1,induction,7,15,141.509582174,1,go,avoid,0,-1,0,0,3
10,control,1,induction,7,16,146.770949418,1,go,avoid,0,-1,0,0,3
10,control,1,induction,7,17,152.282869922,2,nogo,win,0,-1,10,1,13
10,control,1,induction,7,18,157.884982129,3,nogo,avoid,1,0.521208742353,-11,1,2
10,control,1,induction,7,19,163.286661662,3,nogo,avoid,0,-1,0,1,2
10,control,1,induction,7,20,168.848691988,3,nogo,avoid,0,-1,-10,0,-8
10,control,1,induction,7,21,174.240350916,4,go,win,1,0.390907588335,9,1,1
10,control,1,induction,7,22,179.8925689,4,go,win,1,0.36084568124,-1,0,0
10,control,1,induction,7,23,185.354380172,1,go,avoid,0,-1,0,0,0
10,control,1,induction,7,24,190.525560359,3,nogo,avoid,0,-1,0,1,0
10,control,1,induction,7,25,195.726808188,1,go,avoid,0,-1,-10,1,-10
10,control,1,induction,7,26,201.188615625,2,nogo,win,0,-1,0,0,-10
10,control,1,induction,7,27,206.570262816,2,nogo,win,0,-1,10,1,0
10,control,1,induction,7,28,211.961912931,4,go,win,1,0.561290440039,9,1,9
10,control,1,induction,7,29,217.153139568,3,nogo,avoid,0,-1,0,1,9
10,control,1,induction,7,30,222.494684114,3,nogo,avoid,0,-1,0,1,9
10,control,1,induction,7,31,227.796172529,3,nogo,avoid,0,-1,0,1,9
10,control,1,induction,7,32,233.267983979,3,nogo,avoid,0,-1,0,1,9
10,control,1,induction,7,33,238.579500263,2,nogo,win,0,-1,10,1,19
10,control,1,induction,7,34,244.191608459,4,go,win,1,0.501143585449,9,1,28
10,control,1,induction,7,35,249.292632756,4,go,win,1,0.48110711401,-1,0,27
10,control,1,induction,7,36,254.704335589,3,nogo,avoid,0,-1,0,1,27
10,control,1,induction,7,37,260.035891177,2,nogo,win,0,-1,10,1,37
10,control,1,induction,7,38,265.277202575,1,go,avoid,0,-1,0,0,37
10,control,1,induction,7,39,270.759051701,3,nogo,avoid,0,-1,0,1,37
10,control,1,induction,7,40,276.050494654,3,nogo,avoid,0,-1,-10,0,27
10,control,1,induction,7,41,281.442157511,4,go,win,1,0.290698353183,9,1,36
10,control,1,induction,7,42,286.893946051,4,go,win,1,0.290689631453,9,1,45
10,control,1,induction,7,43,292.255539035,2,nogo,win,0,-1,0,0,45
10,control,1,induction,7,44,297.466805954,2,nogo,win,0,-1,10,1,55
10,control,1,induction,7,45,302.848444586,2,nogo,win,0,-1,10,1,65
10,control,1,induction,7,46,308.470606852,1,go,avoid,0,-1,-10,1,55
10,control,1,induction,7,47,313.782084844,1,go,avoid,0,-1,-10,1,45
10,control,1,induction,7,48,319.354136967,3,nogo,avoid,0,-1,0,1,45
10,control,1,induction,7,49,324.705707433,1,go,avoid,0,-1,-10,1,35
10,control,1,induction,7,50,329.957066353,1,go,avoid,0,-1,-10,1,25
10,control,1,induction,7,51,335.09817691,2,nogo,win,0,-1,10,1,35
10,control,1,induction,7,52,340.680250628,4,go,win,1,0.340781751391,9,1,44
10,control,1,induction,7,53,346.192171553,4,go,win,1,0.52107573297,9,1,53
10,control,1,induction,7,54,351.794288197,1,go,avoid,1,0.380890050355,-11,0,42
10,control,1,induction,7,55,357.14586004,1,go,avoid,0,-1,-10,1,32
10,control,1,induction,7,56,362.687841949,3,nogo,avoid,0,-1,-10,0,22
10,control,1,induction,7,57,367.949221165,4,go,win,1,0.881975230288,9,1,31
10,control,1,induction,7,58,373.240666779,4,go,win,1,0.571345433336,9,1,40
10,control,1,induction,7,59,378.822724055,4,go,win,1,0.46106428774,9,1,49
10,control,1,induction,7,60,384.15426838,2,nogo,win,0,-1,0,0,49
10,control,1,induction,7,61,389.465754465,3,nogo,avoid,0,-1,0,1,49
10,control,1,induction,7,62,395.047845082,4,go,win,1,0.340802118135,9,1,58
10,control,1,induction,7,63,400.439481414,4,go,win,1,0.300714056593,9,1,67
10,control,1,induction,7,64,405.801072795,4,go,win,1,0.711599761977,9,1,76
10,control,1,induction,7,65,410.892086507,2,nogo,win,0,-1,10,1,86
10,control,1,induction,7,66,416.103515211,4,go,win,1,0.390903865058,9,1,95
10,control,1,induction,7,67,421.745555383,2,nogo,win,0,-1,0,0,95
10,control,1,induction,7,68,427.127195767,3,nogo,avoid,0,-1,0,1,95
10,control,1,induction,7,69,432.468748818,3,nogo,avoid,0,-1,0,1,95
10,control,1,induction,7,70,437.810298281,1,go,avoid,0,-1,-10,1,85
10,control,1,induction,7,71,443.232016902,4,go,win,0,-1,10,0,95
10,control,1,induction,7,72,448.90429278,1,go,avoid,1,0.761707015623,-11,0,84
10,control,1,induction,7,73,454.386168279,1,go,avoid,1,0.491125136195,-1,1,83
10,control,1,induction,7,74,459.457110777,3,nogo,avoid,0,-1,-10,0,73
10,control,1,induction,7,75,465.069246029,2,nogo,win,0,-1,0,0,73
10,control,1,induction,7,76,470.490967137,1,go,avoid,1,0.541308710988,-1,1,72
10,control,1,induction,7,77,475.892648339,4,go,win,1,0.400951441879,9,1,81
10,control,1,induction,7,78,481.184096807,1,go,avoid,1,0.491126245963,-1,1,80
10,control,1,induction,7,79,486.425426521,2,nogo,win,0,-1,10,1,90
10,control,2,exp,4,0,670.683806597,1,go,avoid,0,-1,-10,1,-10
10,control,2,exp,4,1,676.125574396,3,nogo,avoid,1,0.340795038497,-11,1,-21
10,control,2,exp,4,2,681.35688277,3,nogo,avoid,0,-1,0,1,-21
10,control,2,exp,4,3,686.938955838,2,nogo,win,1,0.360849723311,-1,1,-22
10,control,2,exp,4,4,692.150218956,2,nogo,win,0,-1,10,1,-12
10,control,2,exp,4,5,697.712244031,3,nogo,avoid,0,-1,0,1,-12
10,control,2,exp,4,6,702.863386409,3,nogo,avoid,0,-1,0,1,-12
10,control,2,exp,4,7,708.234992582,4,go,win,0,-1,0,1,-12
10,control,2,exp,4,8,713.937330196,1,go,avoid,1,0.471082755035,-1,1,-13
10,control,2,exp,4,9,719.118559277,2,nogo,win,0,-1,10,1,-3
10,control,2,exp,4,10,724.480126814,1,go,avoid,0,-1,-10,1,-13
10,control,2,exp,4,11,730.002067792,1,go,avoid,1,0.290696488539,-1,1,-14
10,control,2,exp,4,12,735.243381536,4,go,win,0,-1,0,1,-14
10,control,2,exp,4,13,740.544864567,2,nogo,win,0,-1,10,1,-4
10,control,2,exp,4,14,745.96658646,1,go,avoid,1,0.62140070848,-11,0,-15
10,control,2,exp,4,15,751.698981139,3,nogo,avoid,0,-1,0,1,-15
10,control,2,exp,4,16,756.910274789,3,nogo,avoid,0,-1,0,1,-15
10,control,2,exp,4,17,762.331976366,1,go,avoid,1,0.380890564635,-1,1,-16
10,control,2,exp,4,18,768.074391121,2,nogo,win,0,-1,0,0,-16
10,control,2,exp,4,19,773.355813245,1,go,avoid,1,0.300708366416,-1,1,-17
10,control,2,exp,4,20,778.927860812,4,go,win,1,0.441787503009,9,1,-8
10,control,2,exp,4,21,784.099042481,4,go,win,1,0.270646068348,9,1,1
10,control,2,exp,4,22,789.631004864,2,nogo,win,0,-1,10,1,11
10,control,2,exp,4,23,795.072770555,2,nogo,win,0,-1,10,1,21
10,control,2,exp,4,24,800.324128095,3,nogo,avoid,0,-1,0,1,21
10,control,2,exp,4,25,805.93626449,4,go,win,0,-1,10,0,31
10,control,2,exp,4,26,811.458208219,2,nogo,win,0,-1,10,1,41
10,control,2,exp,4,27,816.549216425,4,go,win,0,-1,0,1,41
10,control,2,exp,4,28,822.061134261,1,go,avoid,1,0.310732938922,-1,1,40
10,control,2,exp,4,29,827.593153661,4,go,win,0,-1,0,1,40
10,control,2,exp,4,30,832.794340492,3,nogo,avoid,0,-1,0,1,40
10,control,2,exp,4,31,838.286222065,2,nogo,win,0,-1,10,1,50
10,control,2,exp,4,32,843.617744011,4,go,win,1,0.260623318381,-1,0,49
10,control,2,exp,4,33,849.029450913,2,nogo,win,0,-1,10,1,59
10,control,2,exp,4,34,854.441149057,4,go,win,1,0.251161580136,9,1,68
10,control,2,exp,4,35,859.872896732,4,go,win,1,0.481110978637,9,1,77
10,control,2,exp,4,36,865.364779974,3,nogo,avoid,0,-1,-10,0,67
10,control,2,exp,4,37,870.866675941,3,nogo,avoid,0,-1,-10,0,57
10,control,2,exp,4,38,876.388612624,2,nogo,win,0,-1,10,1,67
10,control,2,exp,4,39,881.690078248,3,nogo,avoid,0,-1,0,1,67
10,control,2,exp,4,40,886.841265214,4,go,win,1,0.240576819962,9,1,76
10,control,2,exp,4,41,892.363158502,4,go,win,1,0.29068624201,-1,0,75
10,control,2,exp,4,42,897.754809712,1,go,avoid,1,0.471084204646,-1,1,74
10,control,2,exp,4,43,903.166549234,4,go,win,1,0.501147026018,9,1,83
10,control,2,exp,4,44,908.738575339,2,nogo,win,0,-1,10,1,93
10,control,2,exp,4,45,914.390790297,2,nogo,win,0,-1,10,1,103
10,control,2,exp,4,46,919.892698009,3,nogo,avoid,0,-1,0,1,103
10,control,2,exp,4,47,925.244265077,1,go,avoid,1,0.280664890528,-11,0,92
10,control,2,exp,4,48,930.856402341,2,nogo,win,0,-1,10,1,102
10,control,2,exp,4,49,936.528672177,3,nogo,avoid,0,-1,-10,0,92
10,control,2,exp,4,50,942.05061153,2,nogo,win,0,-1,10,1,102
10,control,2,exp,4,51,947.512426417,2,nogo,win,0,-1,10,1,112
10,control,2,exp,4,52,952.593411641,4,go,win,1,0.270646336015,9,1,121
10,control,2,exp,4,53,958.025155568,4,go,win,1,0.28067165438,-1,0,120
10,control,2,exp,4,54,963.517036849,2,nogo,win,0,-1,10,1,130
10,control,2,exp,4,55,968.898669408,3,nogo,avoid,0,-1,0,1,130
10,control,2,exp,4,56,974.059831726,3,nogo,avoid,0,-1,0,1,130
10,control,2,exp,4,57,979.251058875,2,nogo,win,0,-1,10,1,140
10,control,2,exp,4,58,984.783017974,3,nogo,avoid,0,-1,0,1,140
10,control,2,exp,4,59,990.345050886,1,go,avoid,1,0.270651099883,-1,1,139
10,control,2,exp,4,60,995.686594166,3,nogo,avoid,0,-1,0,1,139
10,control,2,exp,4,61,1001.03817084,2,nogo,win,0,-1,10,1,149
10,control,2,exp,4,62,1006.56011628,1,go,avoid,1,0.330832390269,-11,0,138
10,control,2,exp,4,63,1012.10209776,1,go,avoid,1,0.270673397436,-11,0,127
10,control,2,exp,4,64,1017.38351942,4,go,win,1,0.320759015176,-1,0,126
10,control,2,exp,4,65,1022.58476474,4,go,win,1,0.270647400666,9,1,135
10,control,2,exp,4,66,1027.90627551,4,go,win,1,0.631423533632,9,1,144
10,control,2,exp,4,67,1033.4683028,1,go,avoid,1,0.410961840071,-11,0,133
10,control,2,exp,4,68,1038.92009155,1,go,avoid,1,0.541236705592,-1,1,132
10,control,2,exp,4,69,1044.29170873,4,go,win,1,0.360846294769,9,1,141
10,control,2,exp,4,70,1049.83369443,1,go,avoid,1,0.270655087817,-1,1,140
10,control,2,exp,4,71,1055.16525561,2,nogo,win,0,-1,10,1,150
10,control,2,exp,4,72,1060.4566899,1,go,avoid,1,0.912046114749,-1,1,149
10,control,2,exp,4,73,1065.9385183,1,go,avoid,1,0.280656499621,-1,1,148
10,control,2,exp,4,74,1071.68093858,3,nogo,avoid,0,-1,-10,0,138
10,control,2,exp,4,75,1076.79201899,1,go,avoid,1,0.441019915617,-1,1,137
10,control,2,exp,4,76,1082.21371781,3,nogo,avoid,0,-1,0,1,137
10,control,2,exp,4,77,1087.80583132,4,go,win,1,0.320771066199,9,1,146
10,control,2,exp,4,78,1092.95695051,1,go,avoid,1,0.280658349229,-1,1,145
10,control,2,exp,4,79,1098.24838923,3,nogo,avoid,0,-1,0,1,145
10,control,3,exp,1,0,1308.67334831,2,go,avoid,0,-1,0,0,0
10,control,3,exp,1,1,1314.05499311,3,go,win,0,-1,0,1,0
10,control,3,exp,1,2,1319.51679862,3,go,win,1,0.330784568125,9,1,9
10,control,3,exp,1,3,1325.04878698,4,nogo,win,0,-1,10,1,19
10,control,3,exp,1,4,1330.69096261,1,nogo,avoid,0,-1,0,1,19
10,control,3,exp,1,5,1336.27303273,2,go,avoid,1,0.11029968679,-1,1,18
10,control,3,exp,1,6,1341.55448096,2,go,avoid,0,-1,-10,1,8
10,control,3,exp,1,7,1346.69556473,4,nogo,win,0,-1,10,1,18
10,control,3,exp,1,8,1352.19746607,3,go,win,1,0.811814293325,9,1,27
10,control,3,exp,1,9,1357.44881745,4,nogo,win,0,-1,0,0,27
10,control,3,exp,1,10,1362.96073805,2,go,avoid,0,-1,-10,1,17
10,control,3,exp,1,11,1368.4626323,4,nogo,win,0,-1,10,1,27
10,control,3,exp,1,12,1373.91442378,3,go,win,0,-1,10,0,37
10,control,3,exp,1,13,1379.41632261,2,go,avoid,1,0.841882016912,-11,0,26
10,control,3,exp,1,14,1384.50733323,4,nogo,win,0,-1,10,1,36
10,control,3,exp,1,15,1390.01925137,2,go,avoid,0,-1,-10,1,26
10,control,3,exp,1,16,1395.69150805,1,nogo,avoid,0,-1,0,1,26
10,control,3,exp,1,17,1401.00300065,4,nogo,win,0,-1,0,0,26
10,control,3,exp,1,18,1406.41470161,1,nogo,avoid,1,0.330923384976,-11,1,15
10,control,3,exp,1,19,1411.79634058,3,go,win,1,0.320763562504,-1,0,14
10,control,3,exp,1,20,1417.37841228,4,nogo,win,0,-1,10,1,24
10,control,3,exp,1,21,1422.73999786,4,nogo,win,0,-1,10,1,34
10,control,3,exp,1,22,1428.20181332,4,nogo,win,0,-1,10,1,44
10,control,3,exp,1,23,1433.713734,1,nogo,avoid,0,-1,-10,0,34
10,control,3,exp,1,24,1439.32587018,1,nogo,avoid,1,0.290688882587,-1,0,33
10,control,3,exp,1,25,1444.7275501,4,nogo,win,0,-1,10,1,43
10,control,3,exp,1,26,1450.36975016,2,go,avoid,0,-1,0,0,43
10,control,3,exp,1,27,1456.08210056,4,nogo,win,0,-1,0,0,43
10,control,3,exp,1,28,1461.50384018,1,nogo,avoid,1,0.351512200539,-11,1,32
10,control,3,exp,1,29,1466.85539746,2,go,avoid,0,-1,-10,1,22
10,control,3,exp,1,30,1472.26710355,1,nogo,avoid,0,-1,0,1,22
10,control,3,exp,1,31,1477.63871534,3,go,win,0,-1,10,0,32
10,control,3,exp,1,32,1483.33102775,2,go,avoid,0,-1,-10,1,22
10,control,3,exp,1,33,1488.57235936,2,go,avoid,1,0.340797760276,-1,1,21
10,control,3,exp,1,34,1494.16445403,1,nogo,avoid,0,-1,0,1,21
10,control,3,exp,1,35,1499.71648377,3,go,win,0,-1,0,1,21
10,control,3,exp,1,36,1505.30855431,3,go,win,0,-1,0,1,21
10,control,3,exp,1,37,1510.52984363,1,nogo,avoid,0,-1,-10,0,11
10,control,3,exp,1,38,1515.84133145,1,nogo,avoid,0,-1,0,1,11
10,control,3,exp,1,39,1521.31316824,3,go,win,0,-1,10,0,21
10,control,3,exp,1,40,1526.88521217,1,nogo,avoid,0,-1,0,1,21
10,control,3,exp,1,41,1532.28689523,3,go,win,0,-1,10,0,31
10,control,3,exp,1,42,1537.48814179,4,nogo,win,0,-1,0,0,31
10,control,3,exp,1,43,1543.05017056,2,go,avoid,1,0.300732967709,-11,0,20
10,control,3,exp,1,44,1548.32155996,3,go,win,0,-1,10,0,30
10,control,3,exp,1,45,1553.9637687,1,nogo,avoid,0,-1,0,1,30
10,control,3,exp,1,46,1559.08483848,4,nogo,win,0,-1,0,0,30
10,control,3,exp,1,47,1564.74709649,4,nogo,win,0,-1,10,1,40
10,control,3,exp,1,48,1570.08863918,4,nogo,win,0,-1,0,0,40
10,control,3,exp,1,49,1575.48030189,1,nogo,avoid,0,-1,0,1,40
10,control,3,exp,1,50,1581.07239533,3,go,win,0,-1,0,1,40
10,control,3,exp,1,51,1586.32375063,2,go,avoid,1,0.400933502184,-1,1,39
10,control,3,exp,1,52,1591.78555698,2,go,avoid,1,0.380884312057,-11,0,28
10,control,3,exp,1,53,1597.09705097,4,nogo,win,0,-1,0,0,28
10,control,3,exp,1,54,1602.37847352,1,nogo,avoid,0,-1,-10,0,18
10,control,3,exp,1,55,1607.67992816,2,go,avoid,1,0.340801170772,-1,1,17
10,control,3,exp,1,56,1612.95133477,3,go,win,0,-1,10,0,27
10,control,3,exp,1,57,1618.06238473,3,go,win,0,-1,0,1,27
10,control,3,exp,1,58,1623.44402501,1,nogo,avoid,0,-1,0,1,27
10,control,3,exp,1,59,1629.08622339,3,go,win,0,-1,0,1,27
10,control,3,exp,1,60,1634.61818589,2,go,avoid,1,0.721629510379,-1,1,26
10,control,3,exp,1,61,1639.75930393,2,go,avoid,1,0.310734713345,-1,1,25
10,control,3,exp,1,62,1645.00064108,2,go,avoid,1,0.320755469342,-11,0,14
10,control,3,exp,1,63,1650.75308067,4,nogo,win,0,-1,10,1,24
10,control,3,exp,1,64,1656.26500149,1,nogo,avoid,0,-1,-10,0,14
10,control,3,exp,1,65,1661.61657087,2,go,avoid,1,0.300719394892,-11,0,3
10,control,3,exp,1,66,1666.84788563,2,go,avoid,1,0.33077585241,-1,1,2
10,control,3,exp,1,67,1672.21950091,1,nogo,avoid,0,-1,0,1,2
10,control,3,exp,1,68,1677.48088009,3,go,win,0,-1,10,0,12
10,control,3,exp,1,69,1683.14312588,1,nogo,avoid,0,-1,0,1,12
10,control,3,exp,1,70,1688.63500182,3,go,win,0,-1,0,1,12
10,control,3,exp,1,71,1693.94648908,4,nogo,win,0,-1,0,0,12
10,control,3,exp,1,72,1699.50851605,1,nogo,avoid,0,-1,0,1,12
10,control,3,exp,1,73,1704.77991664,3,go,win,0,-1,10,0,22
10,control,3,exp,1,74,1710.1114466,3,go,win,0,-1,10,0,32
10,control,3,exp,1,75,1715.62336474,4,nogo,win,0,-1,10,1,42
10,control,3,exp,1,76,1720.88474251,3,go,win,0,-1,10,0,52
10,control,3,exp,1,77,1725.99581965,2,go,avoid,1,0.330774420841,-1,1,51
10,control,3,exp,1,78,1731.44758995,4,nogo,win,0,-1,0,0,51
10,control,3,exp,1,79,1736.97954809,1,nogo,avoid,0,-1,0,1,51
10,control,4,induction,6,0,1891.83435757,2,nogo,win,0,-1,0,0,0
10,control,4,induction,6,1,1897.03560648,1,go,win,0,-1,10,0,10
10,control,4,induction,6,2,1902.52748194,2,nogo,win,1,0.34079569413,9,0,19
10,control,4,induction,6,3,1907.76880954,3,go,avoid,0,-1,0,0,19
10,control,4,induction,6,4,1913.21058001,3,go,avoid,0,-1,-10,1,9
10,control,4,induction,6,5,1918.50201647,1,go,win,0,-1,0,1,9
10,control,4,induction,6,6,1924.09422291,4,nogo,avoid,1,0.380885951141,-11,1,-2
10,control,4,induction,6,7,1929.46571912,4,nogo,avoid,0,-1,-10,0,-12
10,control,4,induction,6,8,1935.11794102,4,nogo,avoid,0,-1,-10,0,-22
10,control,4,induction,6,9,1940.65994747,1,go,win,0,-1,0,1,-22
10,control,4,induction,6,10,1945.97140665,2,nogo,win,1,0.722270398106,9,0,-13
10,control,4,induction,6,11,1951.37308942,2,nogo,win,1,0.250606938287,-1,1,-14
10,control,4,induction,6,12,1957.00527271,3,go,avoid,0,-1,0,0,-14
10,control,4,induction,6,13,1962.27666333,3,go,avoid,0,-1,-10,1,-24
10,control,4,induction,6,14,1967.42784334,1,go,win,0,-1,0,1,-24
10,control,4,induction,6,15,1972.59898052,2,nogo,win,1,0.410948207105,9,0,-15
10,control,4,induction,6,16,1977.68998804,3,go,avoid,1,0.370889546813,-1,1,-16
10,control,4,induction,6,17,1983.21193466,1,go,win,1,0.290685463067,9,1,-7
10,control,4,induction,6,18,1988.74389255,2,nogo,win,1,0.260622067264,-1,1,-8
10,control,4,induction,6,19,1994.18565912,1,go,win,1,0.340800620403,9,1,1
10,control,4,induction,6,20,1999.65748878,3,go,avoid,0,-1,-10,1,-9
10,control,4,induction,6,21,2005.16940805,2,nogo,win,1,0.330794754504,-1,1,-10
10,control,4,induction,6,22,2010.5310038,4,nogo,avoid,0,-1,0,1,-10
10,control,4,induction,6,23,2015.89259278,1,go,win,1,0.390918809291,9,1,-1
10,control,4,induction,6,24,2021.16398861,3,go,avoid,0,-1,0,0,-1
10,control,4,induction,6,25,2026.55565158,3,go,avoid,0,-1,-10,1,-11
10,control,4,induction,6,26,2031.84709855,1,go,win,1,0.310732451708,9,1,-2
10,control,4,induction,6,27,2037.42916568,2,nogo,win,1,0.230557110572,-1,1,-3
10,control,4,induction,6,28,2042.53019505,3,go,avoid,1,0.340794614438,-1,1,-4
10,control,4,induction,6,29,2047.96194192,1,go,win,1,0.611381393071,9,1,5
10,control,4,induction,6,30,2053.43377117,1,go,win,1,0.32075345432,9,1,14
10,control,4,induction,6,31,2058.95571127,4,nogo,avoid,0,-1,0,1,14
10,control,4,induction,6,32,2064.45761133,4,nogo,avoid,0,-1,-10,0,4
10,control,4,induction,6,33,2070.06975694,1,go,win,1,0.360846736869,9,1,13
10,control,4,induction,6,34,2075.56163791,3,go,avoid,0,-1,0,0,13
10,control,4,induction,6,35,2081.17375843,4,nogo,avoid,0,-1,0,1,13
10,control,4,induction,6,36,2086.49526625,2,nogo,win,1,0.220544309394,-1,1,12
10,control,4,induction,6,37,2091.74662227,2,nogo,win,0,-1,0,0,12
10,control,4,induction,6,38,2097.13829486,1,go,win,1,0.50114782902,9,1,21
10,control,4,induction,6,39,2102.63015583,4,nogo,avoid,0,-1,0,1,21
10,control,4,induction,6,40,2108.09197342,2,nogo,win,0,-1,0,0,21
10,control,4,induction,6,41,2113.56380175,4,nogo,avoid,1,0.330777957655,-1,0,20
10,control,4,induction,6,42,2118.97552508,2,nogo,win,0,-1,10,1,30
10,control,4,induction,6,43,2124.52751095,4,nogo,avoid,0,-1,0,1,30
10,control,4,induction,6,44,2129.94923384,1,go,win,1,0.42098663513,9,1,39
10,control,4,induction,6,45,2135.20058568,4,nogo,avoid,0,-1,0,1,39
10,control,4,induction,6,46,2140.55215839,3,go,avoid,1,0.311326395476,-1,1,38
10,control,4,induction,6,47,2146.12420683,4,nogo,avoid,0,-1,0,1,38
10,control,4,induction,6,48,2151.45574363,2,nogo,win,0,-1,10,1,48
10,control,4,induction,6,49,2156.71711924,3,go,avoid,0,-1,-10,1,38
10,control,4,induction,6,50,2162.21901355,4,nogo,avoid,0,-1,0,1,38
10,control,4,induction,6,51,2167.45032739,1,go,win,1,0.320760970046,9,1,47
10,control,4,induction,6,52,2172.77183194,4,nogo,avoid,0,-1,0,1,47
10,control,4,induction,6,53,2178.25368016,1,go,win,1,0.210526362394,9,1,56
10,control,4,induction,6,54,2183.83575717,3,go,avoid,0,-1,0,0,56
10,control,4,induction,6,55,2189.11717685,3,go,avoid,0,-1,0,0,56
10,control,4,induction,6,56,2194.56896763,1,go,win,1,0.250621094556,9,1,65
10,control,4,induction,6,57,2199.86040933,2,nogo,win,0,-1,0,0,65
10,control,4,induction,6,58,2205.14180592,4,nogo,avoid,0,-1,0,1,65
10,control,4,induction,6,59,2210.29297378,2,nogo,win,0,-1,0,0,65
10,control,4,induction,6,60,2215.38398246,2,nogo,win,0,-1,0,0,65
10,control,4,induction,6,61,2220.77566011,2,nogo,win,0,-1,10,1,75
10,control,4,induction,6,62,2226.3777933,4,nogo,avoid,0,-1,-10,0,65
10,control,4,induction,6,63,2231.49883023,2,nogo,win,0,-1,10,1,75
10,control,4,induction,6,64,2237.05084491,2,nogo,win,0,-1,10,1,85
10,control,4,induction,6,65,2242.55273371,3,go,avoid,0,-1,-10,1,75
10,control,4,induction,6,66,2247.9644402,4,nogo,avoid,0,-1,-10,0,65
10,control,4,induction,6,67,2253.23583219,4,nogo,avoid,0,-1,0,1,65
10,control,4,induction,6,68,2258.73773978,1,go,win,1,0.461073171875,9,1,74
10,control,4,induction,6,69,2263.90891542,3,go,avoid,0,-1,0,0,74
10,control,4,induction,6,70,2269.51103225,3,go,avoid,0,-1,-10,1,64
10,control,4,induction,6,71,2275.18330115,3,go,avoid,0,-1,-10,1,54
10,control,4,induction,6,72,2280.7353011,1,go,win,1,0.430991210817,9,1,63
10,control,4,induction,6,73,2286.2071378,4,nogo,avoid,0,-1,0,1,63
10,control,4,induction,6,74,2291.5186246,4,nogo,avoid,0,-1,0,1,63
10,control,4,induction,6,75,2296.97041345,3,go,avoid,0,-1,-10,1,53
10,control,4,induction,6,76,2302.50237439,3,go,avoid,1,0.331534330102,-1,1,52
10,control,4,induction,6,77,2307.8840157,2,nogo,win,0,-1,0,0,52
10,control,4,induction,6,78,2312.98504387,1,go,win,1,0.380887003763,-1,0,51
10,control,4,induction,6,79,2318.60719964,1,go,win,1,0.410950146937,9,1,60
10,control,5,exp,9,0,2508.48773636,3,go,avoid,0,-1,-10,1,-10
10,control,5,exp,9,1,2513.67895914,2,go,win,0,-1,0,1,-10
10,control,5,exp,9,2,2519.21091856,4,nogo,win,0,-1,0,0,-10
10,control,5,exp,9,3,2524.65268668,2,go,win,1,0.671492819396,9,1,-1
10,control,5,exp,9,4,2530.35501655,4,nogo,win,1,1.00223405556,9,0,8
10,control,5,exp,9,5,2535.90701714,4,nogo,win,1,0.390905149257,-1,1,7
10,control,5,exp,9,6,2541.18843772,2,go,win,1,0.430992693511,-1,0,6
10,control,5,exp,9,7,2546.44981515,2,go,win,1,0.420971188647,-1,0,5
10,control,5,exp,9,8,2552.09201152,2,go,win,0,-1,10,0,15
10,control,5,exp,9,9,2557.58388515,2,go,win,0,-1,10,0,25
10,control,5,exp,9,10,2562.94548206,1,nogo,avoid,0,-1,0,1,25
10,control,5,exp,9,11,2568.49748678,1,nogo,avoid,0,-1,-10,0,15
10,control,5,exp,9,12,2573.54840685,3,go,avoid,1,0.651474471111,-1,1,14
10,control,5,exp,9,13,2579.14049852,3,go,avoid,0,-1,0,0,14
10,control,5,exp,9,14,2584.76269202,4,nogo,win,1,0.42097418411,9,0,23
10,control,5,exp,9,15,2590.16433528,1,nogo,avoid,0,-1,0,1,23
10,control,5,exp,9,16,2595.70631765,1,nogo,avoid,0,-1,0,1,23
10,control,5,exp,9,17,2601.18820294,1,nogo,avoid,0,-1,0,1,23
10,control,5,exp,9,18,2606.66000574,4,nogo,win,0,-1,0,0,23
10,control,5,exp,9,19,2612.20198894,3,go,avoid,0,-1,-10,1,13
10,control,5,exp,9,20,2617.70388187,2,go,win,0,-1,0,1,13
10,control,5,exp,9,21,2622.96526571,3,go,avoid,0,-1,-10,1,3
10,control,5,exp,9,22,2628.21663564,1,nogo,avoid,0,-1,-10,0,-7
10,control,5,exp,9,23,2633.44793403,1,nogo,avoid,0,-1,0,1,-7
10,control,5,exp,9,24,2638.83958887,2,go,win,0,-1,0,1,-7
10,control,5,exp,9,25,2644.41163837,4,nogo,win,1,0.360872087027,-1,1,-8
10,control,5,exp,9,26,2649.82334233,2,go,win,0,-1,0,1,-8
10,control,5,exp,9,27,2655.00454349,1,nogo,avoid,0,-1,0,1,-8
10,control,5,exp,9,28,2660.12561901,3,go,avoid,1,0.451038205472,-1,1,-9
10,control,5,exp,9,29,2665.86803497,1,nogo,avoid,0,-1,0,1,-9
10,control,5,exp,9,30,2670.90893831,2,go,win,0,-1,0,1,-9
10,control,5,exp,9,31,2676.60124494,3,go,avoid,1,0.310734397555,-1,1,-10
10,control,5,exp,9,32,2681.88267967,1,nogo,avoid,0,-1,0,1,-10
10,control,5,exp,9,33,2687.11397758,1,nogo,avoid,0,-1,-10,0,-20
10,control,5,exp,9,34,2692.30520498,3,go,avoid,1,0.35081635088,-1,1,-21
10,control,5,exp,9,35,2697.76701151,4,nogo,win,1,0.42098682761,-1,1,-22
10,control,5,exp,9,36,2703.12860715,3,go,avoid,0,-1,-10,1,-32
10,control,5,exp,9,37,2708.64052885,1,nogo,avoid,0,-1,0,1,-32
10,control,5,exp,9,38,2714.18251271,3,go,avoid,1,0.260632361913,-11,0,-43
10,control,5,exp,9,39,2719.53408497,4,nogo,win,1,0.75168779946,-1,1,-44
10,control,5,exp,9,40,2724.77542056,3,go,avoid,1,0.250593738399,-1,1,-45
10,control,5,exp,9,41,2730.27731735,4,nogo,win,0,-1,10,1,-35
10,control,5,exp,9,42,2735.52866778,3,go,avoid,1,0.350825635011,-11,0,-46
10,control,5,exp,9,43,2741.00050395,3,go,avoid,1,0.351412478089,-1,1,-47
10,control,5,exp,9,44,2746.4322522,2,go,win,1,0.400926918781,-1,0,-48
10,control,5,exp,9,45,2751.63349419,1,nogo,avoid,0,-1,0,1,-48
10,control,5,exp,9,46,2757.02515854,1,nogo,avoid,0,-1,0,1,-48
10,control,5,exp,9,47,2762.33664705,2,go,win,1,0.350814826081,-1,0,-49
10,control,5,exp,9,48,2767.38756439,3,go,avoid,1,0.330763034475,-11,0,-60
10,control,5,exp,9,49,2772.53870432,1,nogo,avoid,1,0.521776439729,-11,1,-71
10,control,5,exp,9,50,2777.80008253,4,nogo,win,1,0.571326386884,-1,1,-72
10,control,5,exp,9,51,2783.24184915,4,nogo,win,0,-1,10,1,-62
10,control,5,exp,9,52,2788.81389935,1,nogo,avoid,0,-1,0,1,-62
10,control,5,exp,9,53,2794.14542305,4,nogo,win,0,-1,10,1,-52
10,control,5,exp,9,54,2799.51704737,4,nogo,win,0,-1,10,1,-42
10,control,5,exp,9,55,2804.80849225,2,go,win,1,0.33077086298,-1,0,-43
10,control,5,exp,9,56,2810.30036437,3,go,avoid,1,0.430988290542,-1,1,-44
10,control,5,exp,9,57,2815.73210457,4,nogo,win,0,-1,10,1,-34
10,control,5,exp,9,58,2821.26407051,3,go,avoid,1,0.310740316303,-1,1,-35
10,control,5,exp,9,59,2826.75594695,1,nogo,avoid,0,-1,0,1,-35
10,control,5,exp,9,60,2832.39814821,2,go,win,0,-1,10,0,-25
10,control,5,exp,9,61,2837.90004702,1,nogo,avoid,0,-1,0,1,-25
10,control,5,exp,9,62,2843.35183609,2,go,win,0,-1,0,1,-25
10,control,5,exp,9,63,2849.04414459,3,go,avoid,1,0.380881521103,-1,1,-26
10,control,5,exp,9,64,2854.53601807,1,nogo,avoid,0,-1,-10,0,-36
10,control,5,exp,9,65,2860.11809192,4,nogo,win,0,-1,10,1,-26
10,control,5,exp,9,66,2865.61999562,3,go,avoid,1,0.340801561748,-11,0,-37
10,control,5,exp,9,67,2870.78116605,2,go,win,0,-1,0,1,-37
10,control,5,exp,9,68,2876.16278766,4,nogo,win,0,-1,0,0,-37
10,control,5,exp,9,69,2881.41414455,4,nogo,win,0,-1,10,1,-27
10,control,5,exp,9,70,2886.96615402,3,go,avoid,1,0.390909404861,-1,1,-28
10,control,5,exp,9,71,2892.33776924,3,go,avoid,1,0.831858427855,-1,1,-29
10,control,5,exp,9,72,2897.63923014,2,go,win,0,-1,0,1,-29
10,control,5,exp,9,73,2902.81041906,4,nogo,win,0,-1,10,1,-19
10,control,5,exp,9,74,2908.41252958,4,nogo,win,0,-1,10,1,-9
10,control,5,exp,9,75,2913.97455559,2,go,win,1,0.330783578658,9,1,0
10,control,5,exp,9,76,2919.50651412,2,go,win,1,0.260630449147,9,1,9
10,control,5,exp,9,77,2924.74785957,4,nogo,win,0,-1,0,0,9
10,control,5,exp,9,78,2930.1595588,2,go,win,1,0.39089805458,9,1,18
10,control,5,exp,9,79,2935.64141137,1,nogo,avoid,0,-1,0,1,18
10,control,6,exp,3,0,3101.7305068,2,nogo,avoid,0,-1,-10,0,-10
10,control,6,exp,3,1,3106.98184841,4,go,win,0,-1,0,1,-10
10,control,6,exp,3,2,3112.2332114,3,nogo,win,0,-1,10,1,0
10,control,6,exp,3,3,3117.72508981,3,nogo,win,0,-1,10,1,10
10,control,6,exp,3,4,3122.97644054,2,nogo,avoid,1,0.471078324999,-1,0,9
10,control,6,exp,3,5,3128.49837832,2,nogo,avoid,0,-1,0,1,9
10,control,6,exp,3,6,3134.05038472,1,go,avoid,0,-1,-10,1,-1
10,control,6,exp,3,7,3139.40195141,3,nogo,win,0,-1,10,1,9
10,control,6,exp,3,8,3144.5831545,4,go,win,1,0.360792571923,9,1,18
10,control,6,exp,3,9,3150.03494562,2,nogo,avoid,0,-1,0,1,18
10,control,6,exp,3,10,3155.68716577,1,go,avoid,0,-1,-10,1,8
10,control,6,exp,3,11,3161.30932089,3,nogo,win,0,-1,10,1,18
10,control,6,exp,3,12,3166.68093653,4,go,win,1,0.431005809189,9,1,27
10,control,6,exp,3,13,3172.12269865,1,go,avoid,1,0.541237661973,-1,1,26
10,control,6,exp,3,14,3177.68472327,2,nogo,avoid,0,-1,0,1,26
10,control,6,exp,3,15,3182.82584296,2,nogo,avoid,0,-1,-10,0,16
10,control,6,exp,3,16,3188.31772121,4,go,win,0,-1,0,1,16
10,control,6,exp,3,17,3193.7294154,2,nogo,avoid,0,-1,-10,0,6
10,control,6,exp,3,18,3198.97075567,1,go,avoid,1,0.0301372929116,-11,0,-5
10,control,6,exp,3,19,3204.20206702,2,nogo,avoid,0,-1,0,1,-5
10,control,6,exp,3,20,3209.5436146,3,nogo,win,0,-1,10,1,5
10,control,6,exp,3,21,3214.87515118,4,go,win,1,0.260622798087,-1,0,4
10,control,6,exp,3,22,3220.37703867,3,nogo,win,0,-1,0,0,4
10,control,6,exp,3,23,3225.75867729,1,go,avoid,1,0.270649728465,-1,1,3
10,control,6,exp,3,24,3231.13028984,3,nogo,win,0,-1,10,1,13
10,control,6,exp,3,25,3236.39168649,2,nogo,avoid,0,-1,-10,0,3
10,control,6,exp,3,26,3241.88354725,1,go,avoid,1,0.250607702188,-1,1,2
10,control,6,exp,3,27,3247.26518045,4,go,win,1,0.380881725614,-1,0,1
10,control,6,exp,3,28,3252.8372274,4,go,win,1,0.240584654483,9,1,10
10,control,6,exp,3,29,3258.23890572,2,nogo,avoid,0,-1,0,1,10
10,control,6,exp,3,30,3263.93122316,1,go,avoid,1,0.25067905496,-1,1,9
10,control,6,exp,3,31,3269.46318208,4,go,win,1,0.290698677991,9,1,18
10,control,6,exp,3,32,3274.65440567,2,nogo,avoid,0,-1,-10,0,8
10,control,6,exp,3,33,3279.97591644,4,go,win,1,0.200497215492,9,1,17
10,control,6,exp,3,34,3285.40766347,2,nogo,avoid,0,-1,0,1,17
10,control,6,exp,3,35,3290.49866904,3,nogo,win,0,-1,10,1,27
10,control,6,exp,3,36,3295.78008821,2,nogo,avoid,0,-1,0,1,27
10,control,6,exp,3,37,3301.19179134,3,nogo,win,0,-1,10,1,37
10,control,6,exp,3,38,3306.87408506,4,go,win,1,0.240597258884,-1,0,36
10,control,6,exp,3,39,3312.01519339,3,nogo,win,0,-1,10,1,46
10,control,6,exp,3,40,3317.44694143,3,nogo,win,0,-1,0,0,46
10,control,6,exp,3,41,3322.95885703,2,nogo,avoid,0,-1,0,1,46
10,control,6,exp,3,42,3328.16010996,1,go,avoid,1,0.260620016154,-11,0,35
10,control,6,exp,3,43,3333.63196408,3,nogo,win,0,-1,10,1,45
10,control,6,exp,3,44,3338.85323316,4,go,win,1,0.21051909629,9,1,54
10,control,6,exp,3,45,3343.96428627,3,nogo,win,0,-1,10,1,64
10,control,6,exp,3,46,3349.52631091,3,nogo,win,0,-1,10,1,74
10,control,6,exp,3,47,3354.7175376,1,go,avoid,1,0.982187518044,-1,1,73
10,control,6,exp,3,48,3360.34971811,1,go,avoid,1,0.230554770744,-1,1,72
10,control,6,exp,3,49,3366.06206987,4,go,win,1,0.220537088402,-1,0,71
10,control,6,exp,3,50,3371.67420716,1,go,avoid,1,0.260625583023,-1,1,70
10,control,6,exp,3,51,3376.89550184,4,go,win,1,0.220542856776,9,1,79
10,control,6,exp,3,52,3382.33726283,1,go,avoid,1,0.140374977229,-1,1,78
10,control,6,exp,3,53,3387.46835701,1,go,avoid,1,0.210518810578,-1,1,77
10,control,6,exp,3,54,3392.81993365,1,go,avoid,0,-1,-10,1,67
10,control,6,exp,3,55,3398.02117668,4,go,win,1,0.260626647676,-1,0,66
10,control,6,exp,3,56,3403.16229727,4,go,win,1,0.28066274017,9,1,75
10,control,6,exp,3,57,3408.47378221,1,go,avoid,1,0.230570993161,-11,0,64
10,control,6,exp,3,58,3413.96565906,1,go,avoid,1,0.861969360092,-1,1,63
10,control,6,exp,3,59,3419.55775258,4,go,win,1,0.220539169588,9,1,72
10,control,6,exp,3,60,3424.65878317,3,nogo,win,0,-1,10,1,82
10,control,6,exp,3,61,3430.18072081,3,nogo,win,0,-1,10,1,92
10,control,6,exp,3,62,3435.87302865,1,go,avoid,1,0.240731534424,-11,0,81
10,control,6,exp,3,63,3441.36491292,4,go,win,1,0.240583120662,9,1,90
10,control,6,exp,3,64,3446.46594289,3,nogo,win,0,-1,10,1,100
10,control,6,exp,3,65,3452.06805496,4,go,win,1,0.410974432443,9,1,109
10,control,6,exp,3,66,3457.66014475,2,nogo,avoid,0,-1,0,1,109
10,control,6,exp,3,67,3462.9115007,2,nogo,avoid,0,-1,0,1,109
10,control,6,exp,3,68,3468.14281868,4,go,win,1,0.120320379632,-1,0,108
10,control,6,exp,3,69,3473.46432291,3,nogo,win,0,-1,10,1,118
10,control,6,exp,3,70,3478.9060907,1,go,avoid,1,0.300722477574,-1,1,117
10,control,6,exp,3,71,3484.54829795,3,nogo,win,0,-1,0,0,117
10,control,6,exp,3,72,3490.17045341,4,go,win,1,0.200490599005,9,1,126
10,control,6,exp,3,73,3495.36167003,2,nogo,avoid,0,-1,0,1,126
10,control,6,exp,3,74,3500.62305158,1,go,avoid,0,-1,0,0,126
10,control,6,exp,3,75,3505.90447614,2,nogo,avoid,0,-1,-10,0,116
10,control,6,exp,3,76,3511.21598411,3,nogo,win,0,-1,10,1,126
10,control,6,exp,3,77,3516.35707576,2,nogo,avoid,0,-1,0,1,126
10,control,6,exp,3,78,3521.67858646,2,nogo,avoid,0,-1,-10,0,116
10,control,6,exp,3,79,3527.09029019,1,go,avoid,1,0.541240064962,-1,1,115
10,control,7,induction,8,0,3685.2622727,1,nogo,avoid,0,-1,0,1,0
10,control,7,induction,8,1,3690.59378759,4,nogo,win,0,-1,10,1,10
10,control,7,induction,8,2,3695.80505799,4,nogo,win,0,-1,0,0,10
10,control,7,induction,8,3,3701.15662429,4,nogo,win,0,-1,10,1,20
10,control,7,induction,8,4,3706.51821523,3,go,win,0,-1,10,0,30
10,control,7,induction,8,5,3711.93993934,2,go,avoid,0,-1,0,0,30
10,control,7,induction,8,6,3717.47189959,1,nogo,avoid,0,-1,0,1,30
10,control,7,induction,8,7,3722.79340212,2,go,avoid,0,-1,-10,1,20
10,control,7,induction,8,8,3728.07482323,2,go,avoid,0,-1,-10,1,10
10,control,7,induction,8,9,3733.39633113,4,nogo,win,0,-1,10,1,20
10,control,7,induction,8,10,3738.71783066,1,nogo,avoid,0,-1,-10,0,10
10,control,7,induction,8,11,3743.98923403,1,nogo,avoid,0,-1,0,1,10
10,control,7,induction,8,12,3749.22054814,3,go,win,0,-1,0,1,10
10,control,7,induction,8,13,3754.45185835,3,go,win,0,-1,0,1,10
10,control,7,induction,8,14,3759.6731448,2,go,avoid,1,0.48109721635,-1,1,9
10,control,7,induction,8,15,3764.84432425,4,nogo,win,0,-1,10,1,19
10,control,7,induction,8,16,3770.36626664,4,nogo,win,0,-1,0,0,19
10,control,7,induction,8,17,3775.50737945,1,nogo,avoid,0,-1,0,1,19
10,control,7,induction,8,18,3780.89904336,1,nogo,avoid,0,-1,0,1,19
10,control,7,induction,8,19,3786.38091842,1,nogo,avoid,0,-1,-10,0,9
10,control,7,induction,8,20,3791.59216047,1,nogo,avoid,0,-1,0,1,9
10,control,7,induction,8,21,3797.09406122,2,go,avoid,1,0.61199453968,-1,1,8
10,control,7,induction,8,22,3802.54584343,2,go,avoid,1,0.290624696672,-11,0,-3
10,control,7,induction,8,23,3807.78720793,1,nogo,avoid,0,-1,-10,0,-13
10,control,7,induction,8,24,3813.37927405,1,nogo,avoid,0,-1,0,1,-13
10,control,7,induction,8,25,3818.79097612,3,go,win,0,-1,0,1,-13
10,control,7,induction,8,26,3824.423163,4,nogo,win,0,-1,0,0,-13
10,control,7,induction,8,27,3829.67450794,4,nogo,win,0,-1,0,0,-13
10,control,7,induction,8,28,3835.06616857,3,go,win,1,0.401646142676,9,1,-4
10,control,7,induction,8,29,3840.15717858,2,go,avoid,1,0.310730523906,-1,1,-5
10,control,7,induction,8,30,3845.64905409,1,nogo,avoid,0,-1,0,1,-5
10,control,7,induction,8,31,3851.01064125,2,go,avoid,1,0.260630229601,-11,0,-16
10,control,7,induction,8,32,3856.64282117,2,go,avoid,1,0.190475782809,-1,1,-17
10,control,7,induction,8,33,3862.03448815,3,go,win,1,0.280683864803,-1,0,-18
10,control,7,induction,8,34,3867.70675214,3,go,win,1,0.360833955026,9,1,-9
10,control,7,induction,8,35,3873.12847212,2,go,avoid,1,0.290697093042,-1,1,-10
10,control,7,induction,8,36,3878.61032359,2,go,avoid,1,0.260619165034,-1,1,-11
10,control,7,induction,8,37,3884.19239807,4,nogo,win,0,-1,10,1,-1
10,control,7,induction,8,38,3889.34353881,4,nogo,win,0,-1,10,1,9
10,control,7,induction,8,39,3895.00577253,2,go,avoid,1,0.300712062624,-11,0,-2
10,control,7,induction,8,40,3900.55778506,2,go,avoid,1,0.260623940932,-11,0,-13
10,control,7,induction,8,41,3905.62874981,3,go,win,1,0.320755836256,9,1,-4
10,control,7,induction,8,42,3910.93021456,1,nogo,avoid,0,-1,0,1,-4
10,control,7,induction,8,43,3916.10139589,2,go,avoid,1,0.27064883825,-1,1,-5
10,control,7,induction,8,44,3921.47301319,3,go,win,1,0.380925562829,9,1,4
10,control,7,induction,8,45,3927.12523264,1,nogo,avoid,0,-1,0,1,4
10,control,7,induction,8,46,3932.67723873,1,nogo,avoid,0,-1,0,1,4
10,control,7,induction,8,47,3938.00876588,4,nogo,win,0,-1,0,0,4
10,control,7,induction,8,48,3943.63092919,4,nogo,win,0,-1,10,1,14
10,control,7,induction,8,49,3948.91234567,3,go,win,1,0.280654045506,9,1,23
10,control,7,induction,8,50,3954.24387924,3,go,win,1,0.260629032618,9,1,32
10,control,7,induction,8,51,3959.56539113,1,nogo,avoid,0,-1,0,1,32
10,control,7,induction,8,52,3964.67643962,1,nogo,avoid,0,-1,0,1,32
10,control,7,induction,8,53,3969.95785359,4,nogo,win,0,-1,10,1,42
10,control,7,induction,8,54,3975.04886489,4,nogo,win,0,-1,10,1,52
10,control,7,induction,8,55,3980.2200511,2,go,avoid,1,0.401097930848,-1,1,51
10,control,7,induction,8,56,3985.73196234,1,nogo,avoid,0,-1,0,1,51
10,control,7,induction,8,57,3991.08353771,3,go,win,1,0.270666392986,9,1,60
10,control,7,induction,8,58,3996.60548436,3,go,win,1,0.290691929178,9,1,69
10,control,7,induction,8,59,4002.05727366,3,go,win,1,0.220546168024,9,1,78
10,control,7,induction,8,60,4007.43890812,3,go,win,1,0.270638991715,-1,0,77
10,control,7,induction,8,61,4012.86063131,2,go,avoid,1,0.210511845227,-1,1,76
10,control,7,induction,8,62,4018.07190227,3,go,win,1,0.230555239912,9,1,85
10,control,7,induction,8,63,4023.51367137,4,nogo,win,0,-1,10,1,95
10,control,7,induction,8,64,4028.9253729,1,nogo,avoid,0,-1,0,1,95
10,control,7,induction,8,65,4034.40722348,2,go,avoid,1,0.821854128859,-1,1,94
10,control,7,induction,8,66,4039.72872931,4,nogo,win,0,-1,10,1,104
10,control,7,induction,8,67,4045.10034966,1,nogo,avoid,0,-1,0,1,104
10,control,7,induction,8,68,4050.54212065,4,nogo,win,0,-1,10,1,114
10,control,7,induction,8,69,4056.19434387,4,nogo,win,0,-1,10,1,124
10,control,7,induction,8,70,4061.76639204,3,go,win,1,0.300714988916,9,1,133
10,control,7,induction,8,71,4067.01774721,3,go,win,1,0.3407936761,-1,0,132
10,control,7,induction,8,72,4072.6699684,2,go,avoid,0,-1,-10,1,122
10,control,7,induction,8,73,4078.35225735,3,go,win,1,0.240731197584,-1,0,121
10,control,7,induction,8,74,4083.40319233,4,nogo,win,0,-1,10,1,131
10,control,7,induction,8,75,4088.61444667,2,go,avoid,1,0.180442302106,-1,1,130
10,control,7,induction,8,76,4094.27669733,2,go,avoid,1,0.721620105949,-11,0,119
10,control,7,induction,8,77,4099.68839365,3,go,win,1,0.220535166616,-1,0,118
10,control,7,induction,8,78,4105.39072806,1,nogo,avoid,0,-1,0,1,118
10,control,7,induction,8,79,4110.83250099,4,nogo,win,0,-1,0,0,118
10,control,8,exp,2,0,4257.00852792,1,go,avoid,0,-1,0,0,0
10,control,8,exp,2,1,4262.6106405,4,nogo,win,0,-1,0,0,0
10,control,8,exp,2,2,4267.88206356,2,go,win,0,-1,10,0,10
10,control,8,exp,2,3,4273.36388587,4,nogo,win,1,0.551257795421,9,0,19
10,control,8,exp,2,4,4278.71546783,3,nogo,avoid,0,-1,-10,0,9
10,control,8,exp,2,5,4284.1672482,1,go,avoid,0,-1,-10,1,-1
10,control,8,exp,2,6,4289.51881585,4,nogo,win,1,0.400928350347,-1,1,-2
10,control,8,exp,2,7,4295.01068919,2,go,win,0,-1,0,1,-2
10,control,8,exp,2,8,4300.49253868,2,go,win,0,-1,0,1,-2
10,control,8,exp,2,9,4305.98441898,1,go,avoid,0,-1,0,0,-2
10,control,8,exp,2,10,4311.56648531,4,nogo,win,1,0.21051600459,-1,1,-3
10,control,8,exp,2,11,4317.18864089,2,go,win,0,-1,0,1,-3
10,control,8,exp,2,12,4322.25960997,3,nogo,avoid,1,0.821865728758,-11,1,-14
10,control,8,exp,2,13,4327.91182206,4,nogo,win,0,-1,10,1,-4
10,control,8,exp,2,14,4333.3937047,2,go,win,1,0.471080156563,9,1,5
10,control,8,exp,2,15,4338.78533643,2,go,win,1,0.290689432957,9,1,14
10,control,8,exp,2,16,4344.31729876,4,nogo,win,0,-1,10,1,24
10,control,8,exp,2,17,4349.8392393,4,nogo,win,0,-1,10,1,34
10,control,8,exp,2,18,4355.19080938,3,nogo,avoid,0,-1,0,1,34
10,control,8,exp,2,19,4360.74281855,4,nogo,win,0,-1,0,0,34
10,control,8,exp,2,20,4365.99417013,1,go,avoid,0,-1,-10,1,24
10,control,8,exp,2,21,4371.64638766,2,go,win,1,0.300728540678,9,1,33
10,control,8,exp,2,22,4376.91778627,3,nogo,avoid,0,-1,0,1,33
10,control,8,exp,2,23,4382.30944732,2,go,win,1,0.370881673196,-1,0,32
10,control,8,exp,2,24,4387.91155631,2,go,win,1,0.99220683947,9,1,41
10,control,8,exp,2,25,4393.4936278,4,nogo,win,0,-1,10,1,51
10,control,8,exp,2,26,4398.94541759,3,nogo,avoid,0,-1,-10,0,41
10,control,8,exp,2,27,4404.6377172,2,go,win,1,0.340806812834,-1,0,40
10,control,8,exp,2,28,4410.03940619,3,nogo,avoid,0,-1,-10,0,30
10,control,8,exp,2,29,4415.33085017,4,nogo,win,0,-1,0,0,30
10,control,8,exp,2,30,4420.85278326,1,go,avoid,1,0.491132291023,-1,1,29
10,control,8,exp,2,31,4426.12418549,1,go,avoid,0,-1,-10,1,19
10,control,8,exp,2,32,4431.73632486,4,nogo,win,0,-1,10,1,29
10,control,8,exp,2,33,4437.31839054,1,go,avoid,1,0.270642113494,-1,1,28
10,control,8,exp,2,34,4442.74011328,2,go,win,1,0.290686196899,9,1,37
10,control,8,exp,2,35,4448.04157703,3,nogo,avoid,0,-1,-10,0,27
10,control,8,exp,2,36,4453.47332729,1,go,avoid,1,0.360891440243,-11,0,16
10,control,8,exp,2,37,4459.08545915,2,go,win,1,0.581327621247,-1,0,15
10,control,8,exp,2,38,4464.59737405,1,go,avoid,1,0.281350469599,-11,0,4
10,control,8,exp,2,39,4469.9890346,3,nogo,avoid,1,0.701584305181,-11,1,-7
10,control,8,exp,2,40,4475.27045742,3,nogo,avoid,1,0.731649075409,-1,0,-8
10,control,8,exp,2,41,4480.42159652,4,nogo,win,0,-1,10,1,2
10,control,8,exp,2,42,4485.80323139,3,nogo,avoid,1,0.240581253009,-11,1,-9
10,control,8,exp,2,43,4491.15485614,1,go,avoid,0,-1,0,0,-9
10,control,8,exp,2,44,4496.64667975,3,nogo,avoid,0,-1,0,1,-9
10,control,8,exp,2,45,4502.14857626,1,go,avoid,0,-1,0,0,-9
10,control,8,exp,2,46,4507.81082077,1,go,avoid,0,-1,0,0,-9
10,control,8,exp,2,47,4513.31271426,1,go,avoid,0,-1,-10,1,-19
10,control,8,exp,2,48,4518.75448771,2,go,win,1,1.00223562547,9,1,-10
10,control,8,exp,2,49,4524.34657539,3,nogo,avoid,0,-1,0,1,-10
10,control,8,exp,2,50,4529.76833091,3,nogo,avoid,0,-1,-10,0,-20
10,control,8,exp,2,51,4535.43059714,2,go,win,1,0.410946459753,9,1,-11
10,control,8,exp,2,52,4540.64181023,3,nogo,avoid,0,-1,0,1,-11
10,control,8,exp,2,53,4545.96332209,3,nogo,avoid,0,-1,-10,0,-21
10,control,8,exp,2,54,4551.52534723,4,nogo,win,0,-1,10,1,-11
10,control,8,exp,2,55,4556.64644944,3,nogo,avoid,0,-1,0,1,-11
10,control,8,exp,2,56,4562.04810211,4,nogo,win,0,-1,10,1,-1
10,control,8,exp,2,57,4567.74041022,1,go,avoid,0,-1,-10,1,-11
10,control,8,exp,2,58,4572.91159665,3,nogo,avoid,0,-1,0,1,-11
10,control,8,exp,2,59,4578.46359886,2,go,win,1,0.541230263545,9,1,-2
10,control,8,exp,2,60,4583.98556475,1,go,avoid,0,-1,-10,1,-12
10,control,8,exp,2,61,4589.1968129,2,go,win,1,0.2405775568,9,1,-3
10,control,8,exp,2,62,4594.86907718,2,go,win,1,0.230562238346,-1,0,-4
10,control,8,exp,2,63,4599.94003852,2,go,win,1,0.130342756667,9,1,5
10,control,8,exp,2,64,4605.56219711,1,go,avoid,0,-1,-10,1,-5
10,control,8,exp,2,65,4610.82358951,3,nogo,avoid,0,-1,0,1,-5
10,control,8,exp,2,66,4616.27536109,4,nogo,win,0,-1,10,1,5
10,control,8,exp,2,67,4621.7672368,4,nogo,win,0,-1,0,0,5
10,control,8,exp,2,68,4627.19898503,1,go,avoid,0,-1,-10,1,-5
10,control,8,exp,2,69,4632.57059741,3,nogo,avoid,0,-1,0,1,-5
10,control,8,exp,2,70,4638.25288928,1,go,avoid,1,0.891988172818,-1,1,-6
10,control,8,exp,2,71,4643.80489816,1,go,avoid,1,0.330780865901,-1,1,-7
10,control,8,exp,2,72,4649.24666239,4,nogo,win,0,-1,0,0,-7
10,control,8,exp,2,73,4654.39780125,1,go,avoid,1,0.190474823419,-1,1,-8
10,control,8,exp,2,74,4659.86963559,2,go,win,1,0.0702070087464,9,1,1
10,control,8,exp,2,75,4665.04081731,4,nogo,win,0,-1,10,1,11
10,control,8,exp,2,76,4670.43247616,4,nogo,win,0,-1,10,1,21
10,control,8,exp,2,77,4675.89428596,3,nogo,avoid,0,-1,0,1,21
10,control,8,exp,2,78,4681.4262523,2,go,win,1,0.290690635957,9,1,30
10,control,8,exp,2,79,4687.16866987,4,nogo,win,0,-1,10,1,40
10,control,9,exp,5,0,4847.59549711,4,nogo,avoid,1,0.831861862411,-11,1,-11
10,control,9,exp,5,1,4853.14750987,3,nogo,win,0,-1,10,1,-1
10,control,9,exp,5,2,4858.549191,4,nogo,avoid,0,-1,0,1,-1
10,control,9,exp,5,3,4863.9608908,3,nogo,win,0,-1,10,1,9
10,control,9,exp,5,4,4869.36256802,4,nogo,avoid,0,-1,-10,0,-1
10,control,9,exp,5,5,4874.56381028,4,nogo,avoid,0,-1,0,1,-1
10,control,9,exp,5,6,4879.85525497,2,go,win,0,-1,0,1,-1
10,control,9,exp,5,7,4885.04647896,1,go,avoid,0,-1,-10,1,-11
10,control,9,exp,5,8,4890.40806888,3,nogo,win,0,-1,10,1,-1
10,control,9,exp,5,9,4896.08033328,4,nogo,avoid,0,-1,0,1,-1
10,control,9,exp,5,10,4901.41186111,2,go,win,0,-1,0,1,-1
10,control,9,exp,5,11,4906.70330025,2,go,win,0,-1,10,0,9
10,control,9,exp,5,12,4912.06489348,1,go,avoid,1,0.340796864046,-11,0,-2
10,control,9,exp,5,13,4917.49664222,1,go,avoid,0,-1,-10,1,-12
10,control,9,exp,5,14,4922.85823229,4,nogo,avoid,0,-1,-10,0,-22
10,control,9,exp,5,15,4928.26993361,4,nogo,avoid,0,-1,0,1,-22
10,control,9,exp,5,16,4933.81191581,3,nogo,win,0,-1,10,1,-12
10,control,9,exp,5,17,4939.11338203,2,go,win,0,-1,10,0,-2
10,control,9,exp,5,18,4944.54511948,4,nogo,avoid,0,-1,0,1,-2
10,control,9,exp,5,19,4950.06706115,2,go,win,0,-1,10,0,8
10,control,9,exp,5,20,4955.60904382,4,nogo,avoid,0,-1,0,1,8
10,control,9,exp,5,21,4960.88045339,2,go,win,0,-1,0,1,8
10,control,9,exp,5,22,4966.15184153,2,go,win,0,-1,10,0,18
10,control,9,exp,5,23,4971.33304507,3,nogo,win,0,-1,10,1,28
10,control,9,exp,5,24,4976.5643555,1,go,avoid,1,0.220539993643,-1,1,27
10,control,9,exp,5,25,4981.92595426,3,nogo,win,0,-1,10,1,37
10,control,9,exp,5,26,4987.4679345,1,go,avoid,1,0.471082908418,-1,1,36
10,control,9,exp,5,27,4992.75937372,2,go,win,0,-1,0,1,36
10,control,9,exp,5,28,4998.20116268,2,go,win,0,-1,10,0,46
10,control,9,exp,5,29,5003.71306455,1,go,avoid,1,0.260622566508,-1,1,45
10,control,9,exp,5,30,5008.97443778,1,go,avoid,1,0.270639382692,-11,0,34
10,control,9,exp,5,31,5014.31601445,4,nogo,avoid,0,-1,-10,0,24
10,control,9,exp,5,32,5019.67760429,2,go,win,0,-1,10,0,34
10,control,9,exp,5,33,5024.83874133,2,go,win,0,-1,0,1,34
10,control,9,exp,5,34,5030.03998826,1,go,avoid,1,0.250599669173,-11,0,23
10,control,9,exp,5,35,5035.12097479,2,go,win,0,-1,0,1,23
10,control,9,exp,5,36,5040.56274153,1,go,avoid,1,0.581314415344,-1,1,22
10,control,9,exp,5,37,5045.85418944,4,nogo,avoid,0,-1,-10,0,12
10,control,9,exp,5,38,5051.45629926,3,nogo,win,0,-1,10,1,22
10,control,9,exp,5,39,5056.78783101,1,go,avoid,1,0.240592840877,-1,1,21
10,control,9,exp,5,40,5061.94898637,3,nogo,win,0,-1,0,0,21
10,control,9,exp,5,41,5067.4609105,1,go,avoid,1,0.200498322247,-1,1,20
10,control,9,exp,5,42,5072.99286849,4,nogo,avoid,0,-1,-10,0,10
10,control,9,exp,5,43,5078.20413806,2,go,win,0,-1,10,0,20
10,control,9,exp,5,44,5083.66594283,4,nogo,avoid,0,-1,-10,0,10
10,control,9,exp,5,45,5089.35829086,3,nogo,win,0,-1,10,1,20
10,control,9,exp,5,46,5094.83009251,3,nogo,win,0,-1,10,1,30
10,control,9,exp,5,47,5099.98122058,3,nogo,win,0,-1,10,1,40
10,control,9,exp,5,48,5105.1824716,2,go,win,0,-1,10,0,50
10,control,9,exp,5,49,5110.57412806,1,go,avoid,1,0.22053875155,-11,0,39
10,control,9,exp,5,50,5115.8254907,1,go,avoid,0,-1,0,0,39
10,control,9,exp,5,51,5121.23719284,4,nogo,avoid,1,0.220541924449,-11,1,28
10,control,9,exp,5,52,5126.53865273,4,nogo,avoid,1,0.851903287188,-11,1,17
10,control,9,exp,5,53,5131.75994627,4,nogo,avoid,0,-1,0,1,17
10,control,9,exp,5,54,5137.10149522,2,go,win,0,-1,0,1,17
10,control,9,exp,5,55,5142.49315492,3,nogo,win,0,-1,0,0,17
10,control,9,exp,5,56,5148.13534847,3,nogo,win,0,-1,10,1,27
10,control,9,exp,5,57,5153.76753682,1,go,avoid,0,-1,-10,1,17
10,control,9,exp,5,58,5159.23936887,1,go,avoid,1,0.260621811627,-1,1,16
10,control,9,exp,5,59,5164.47068018,3,nogo,win,0,-1,0,0,16
10,control,9,exp,5,60,5169.80221247,2,go,win,0,-1,0,1,16
10,control,9,exp,5,61,5175.20388479,4,nogo,avoid,0,-1,-10,0,6
10,control,9,exp,5,62,5180.55546023,4,nogo,avoid,0,-1,0,1,6
10,control,9,exp,5,63,5185.97718418,1,go,avoid,1,0.390905834964,-1,1,5
10,control,9,exp,5,64,5191.09826351,4,nogo,avoid,0,-1,0,1,5
10,control,9,exp,5,65,5196.68033288,3,nogo,win,0,-1,0,0,5
10,control,9,exp,5,66,5202.16218636,3,nogo,win,0,-1,0,0,5
10,control,9,exp,5,67,5207.53379389,3,nogo,win,0,-1,10,1,15
10,control,9,exp,5,68,5213.07578545,2,go,win,0,-1,0,1,15
10,control,9,exp,5,69,5218.72800859,2,go,win,0,-1,0,1,15
10,control,9,exp,5,70,5224.04951424,1,go,avoid,1,0.231137195817,-1,1,14
10,control,9,exp,5,71,5229.18061364,3,nogo,win,0,-1,0,0,14
10,control,9,exp,5,72,5234.68252153,4,nogo,avoid,0,-1,0,1,14
10,control,9,exp,5,73,5240.05412085,3,nogo,win,0,-1,10,1,24
10,control,9,exp,5,74,5245.49589235,2,go,win,0,-1,0,1,24
10,control,9,exp,5,75,5250.88755558,2,go,win,1,0.240585896579,9,1,33
10,control,9,exp,5,76,5256.41952502,1,go,avoid,1,0.661491738418,-11,0,22
10,control,9,exp,5,77,5261.54058865,1,go,avoid,1,0.230560475957,-11,0,11
10,control,9,exp,5,78,5266.91218942,3,nogo,win,0,-1,10,1,21
10,control,9,exp,5,79,5272.12347162,1,go,avoid,1,0.531214821785,-11,0,10
