# {'date': u'2018_jan_22_1141', 'frameRate': 99.785053973904681, 'expName': 'pavlovian', u'participant': u'43'}
subj,condition,session_index,induction,cardset,trial,time,cardnumber,trial_type,reward_type,response,RT,RT_in_frames,reward,won_if_correct,reward_sum
43,control,1,induction,7,0,72.7542018745,1,go,avoid,0,-1,-10,1,-10
43,control,1,induction,7,1,78.1959403415,1,go,avoid,1,0.531214692829,-11,0,-21
43,control,1,induction,7,2,83.8180701194,3,go,win,0,-1,0,1,-21
43,control,1,induction,7,3,89.1195170382,4,nogo,win,1,0.611381436975,-1,1,-22
43,control,1,induction,7,4,94.2305427814,2,nogo,avoid,1,0.451035329298,-1,0,-23
43,control,1,induction,7,5,99.7023499615,4,nogo,win,0,-1,10,1,-13
43,control,1,induction,7,6,105.073944472,3,go,win,0,-1,10,0,-3
43,control,1,induction,7,7,110.716119736,2,nogo,avoid,1,0.671515494967,-11,1,-14
43,control,1,induction,7,8,116.127818548,2,nogo,avoid,0,-1,0,1,-14
43,control,1,induction,7,9,121.689800389,3,go,win,0,-1,0,1,-14
43,control,1,induction,7,10,126.981224032,4,nogo,win,1,0.310734199345,-1,1,-15
43,control,1,induction,7,11,132.653472115,2,nogo,avoid,1,0.691484332317,-11,1,-26
43,control,1,induction,7,12,138.00501397,3,go,win,0,-1,0,1,-26
43,control,1,induction,7,13,143.526932603,2,nogo,avoid,0,-1,0,1,-26
43,control,1,induction,7,14,149.008766165,2,nogo,avoid,0,-1,0,1,-26
43,control,1,induction,7,15,154.129816465,1,go,avoid,1,0.661489873814,-1,1,-27
43,control,1,induction,7,16,159.4212365,4,nogo,win,0,-1,10,1,-17
43,control,1,induction,7,17,164.782807317,3,go,win,0,-1,10,0,-7
43,control,1,induction,7,18,170.124338853,4,nogo,win,0,-1,0,0,-7
43,control,1,induction,7,19,175.515999767,2,nogo,avoid,0,-1,-10,0,-17
43,control,1,induction,7,20,181.218284383,1,go,avoid,0,-1,-10,1,-27
43,control,1,induction,7,21,186.720156489,3,go,win,0,-1,0,1,-27
43,control,1,induction,7,22,192.27213906,4,nogo,win,0,-1,10,1,-17
43,control,1,induction,7,23,197.904295416,3,go,win,0,-1,0,1,-17
43,control,1,induction,7,24,203.255850218,4,nogo,win,0,-1,10,1,-7
43,control,1,induction,7,25,208.647483054,3,go,win,0,-1,0,1,-7
43,control,1,induction,7,26,213.928882304,3,go,win,0,-1,10,0,3
43,control,1,induction,7,27,219.170196891,4,nogo,win,0,-1,0,0,3
43,control,1,induction,7,28,224.852486013,2,nogo,avoid,0,-1,0,1,3
43,control,1,induction,7,29,230.083748881,3,go,win,0,-1,10,0,13
43,control,1,induction,7,30,235.575604939,4,nogo,win,0,-1,10,1,23
43,control,1,induction,7,31,241.09756808,2,nogo,avoid,0,-1,0,1,23
43,control,1,induction,7,32,246.338831459,4,nogo,win,0,-1,10,1,33
43,control,1,induction,7,33,251.53004499,3,go,win,0,-1,0,1,33
43,control,1,induction,7,34,256.801400074,1,go,avoid,1,0.40093688932,-11,0,22
43,control,1,induction,7,35,262.333356337,1,go,avoid,0,-1,-10,1,12
43,control,1,induction,7,36,267.634808225,1,go,avoid,0,-1,0,0,12
43,control,1,induction,7,37,272.836037271,3,go,win,0,-1,0,1,12
43,control,1,induction,7,38,278.147492855,1,go,avoid,0,-1,0,0,12
43,control,1,induction,7,39,283.499043381,4,nogo,win,0,-1,10,1,22
43,control,1,induction,7,40,289.171280702,4,nogo,win,0,-1,10,1,32
43,control,1,induction,7,41,294.653117585,2,nogo,avoid,0,-1,0,1,32
43,control,1,induction,7,42,300.165015322,1,go,avoid,0,-1,-10,1,22
43,control,1,induction,7,43,305.797173572,1,go,avoid,0,-1,-10,1,12
43,control,1,induction,7,44,311.268985802,4,nogo,win,0,-1,10,1,22
43,control,1,induction,7,45,316.740796052,3,go,win,0,-1,10,0,32
43,control,1,induction,7,46,322.072306229,3,go,win,0,-1,0,1,32
43,control,1,induction,7,47,327.31366207,4,nogo,win,0,-1,10,1,42
43,control,1,induction,7,48,333.056009017,2,nogo,avoid,0,-1,-10,0,32
43,control,1,induction,7,49,338.447649086,3,go,win,0,-1,0,1,32
43,control,1,induction,7,50,343.829268824,4,nogo,win,0,-1,10,1,42
43,control,1,induction,7,51,349.250967715,2,nogo,avoid,0,-1,-10,0,32
43,control,1,induction,7,52,354.732800089,1,go,avoid,0,-1,-10,1,22
43,control,1,induction,7,53,360.194585723,4,nogo,win,0,-1,10,1,32
43,control,1,induction,7,54,365.636357305,1,go,avoid,1,0.55125162855,-1,1,31
43,control,1,induction,7,55,370.917730561,2,nogo,avoid,1,0.481100292155,-11,1,20
43,control,1,induction,7,56,376.349461729,2,nogo,avoid,0,-1,0,1,20
43,control,1,induction,7,57,381.440445703,1,go,avoid,1,0.390904913363,-11,0,9
43,control,1,induction,7,58,386.591563053,4,nogo,win,0,-1,0,0,9
43,control,1,induction,7,59,391.702601524,4,nogo,win,0,-1,0,0,9
43,control,1,induction,7,60,396.983999543,3,go,win,0,-1,0,1,9
43,control,1,induction,7,61,402.225310259,2,nogo,avoid,0,-1,-10,0,-1
43,control,1,induction,7,62,407.536782541,1,go,avoid,0,-1,-10,1,-11
43,control,1,induction,7,63,413.178965092,3,go,win,0,-1,0,1,-11
43,control,1,induction,7,64,418.440313409,2,nogo,avoid,0,-1,0,1,-11
43,control,1,induction,7,65,423.872034414,3,go,win,0,-1,0,1,-11
43,control,1,induction,7,66,429.333823651,2,nogo,avoid,0,-1,0,1,-11
43,control,1,induction,7,67,434.935914707,1,go,avoid,0,-1,-10,1,-21
43,control,1,induction,7,68,440.127122159,3,go,win,0,-1,0,1,-21
43,control,1,induction,7,69,445.338372225,2,nogo,avoid,0,-1,-10,0,-31
43,control,1,induction,7,70,451.070739497,4,nogo,win,0,-1,10,1,-21
43,control,1,induction,7,71,456.211837574,1,go,avoid,1,0.441036718324,-1,1,-22
43,control,1,induction,7,72,461.483223674,1,go,avoid,1,0.621423575206,-11,0,-33
43,control,1,induction,7,73,466.884868024,2,nogo,avoid,0,-1,0,1,-33
43,control,1,induction,7,74,472.376739375,1,go,avoid,1,0.431016630935,-1,1,-34
43,control,1,induction,7,75,477.638116272,2,nogo,avoid,0,-1,0,1,-34
43,control,1,induction,7,76,482.98964681,1,go,avoid,1,0.400923181227,-1,1,-35
43,control,1,induction,7,77,488.531607071,3,go,win,0,-1,0,1,-35
43,control,1,induction,7,78,493.802982868,1,go,avoid,1,0.400918703089,-1,1,-36
43,control,1,induction,7,79,499.064367431,4,nogo,win,0,-1,10,1,-26
43,control,2,exp,8,0,688.663507486,4,nogo,win,0,-1,0,0,0
43,control,2,exp,8,1,693.99501079,3,go,avoid,0,-1,-10,1,-10
43,control,2,exp,8,2,699.386662597,3,go,avoid,1,0.340802551632,-1,1,-11
43,control,2,exp,8,3,704.888529868,1,nogo,avoid,1,0.531214380051,-11,1,-22
43,control,2,exp,8,4,710.1298373,3,go,avoid,1,0.380891616864,-1,1,-23
43,control,2,exp,8,5,715.381177969,4,nogo,win,1,0.44101997869,9,0,-14
43,control,2,exp,8,6,720.472156548,2,go,win,1,0.521188277702,9,1,-5
43,control,2,exp,8,7,726.034160472,2,go,win,1,0.391602528431,9,1,4
43,control,2,exp,8,8,731.255427056,2,go,win,1,0.691559630595,9,1,13
43,control,2,exp,8,9,736.837473339,3,go,avoid,0,-1,0,0,13
43,control,2,exp,8,10,741.978575587,3,go,avoid,0,-1,0,0,13
43,control,2,exp,8,11,747.570642195,4,nogo,win,1,0.571416328038,-1,1,12
43,control,2,exp,8,12,752.912171427,3,go,avoid,0,-1,0,0,12
43,control,2,exp,8,13,758.343892706,1,nogo,avoid,1,0.53120930944,-1,0,11
43,control,2,exp,8,14,763.785646698,4,nogo,win,1,0.601362414233,9,0,20
43,control,2,exp,8,15,769.257455983,1,nogo,avoid,0,-1,-10,0,10
43,control,2,exp,8,16,774.609001784,1,nogo,avoid,0,-1,0,1,10
43,control,2,exp,8,17,779.920464751,3,go,avoid,1,0.851887732489,-1,1,9
43,control,2,exp,8,18,785.522559948,2,go,win,1,0.57130697005,9,1,18
43,control,2,exp,8,19,790.71376175,1,nogo,avoid,0,-1,0,1,18
43,control,2,exp,8,20,795.995158921,3,go,avoid,1,0.350824629973,-1,1,17
43,control,2,exp,8,21,801.39682133,2,go,win,1,0.451034045103,-1,0,16
43,control,2,exp,8,22,807.139209982,4,nogo,win,1,0.451039518717,-1,1,15
43,control,2,exp,8,23,812.741328893,3,go,avoid,1,0.571305908409,-11,0,4
43,control,2,exp,8,24,818.3935113,1,nogo,avoid,0,-1,0,1,4
43,control,2,exp,8,25,823.735034598,3,go,avoid,1,0.340840151148,-1,1,3
43,control,2,exp,8,26,829.146708112,1,nogo,avoid,0,-1,0,1,3
43,control,2,exp,8,27,834.588463393,3,go,avoid,1,0.521190190459,-11,0,-8
43,control,2,exp,8,28,840.030204005,2,go,win,1,0.50116886356,9,1,1
43,control,2,exp,8,29,845.752562819,2,go,win,1,0.3808941642,9,1,10
43,control,2,exp,8,30,851.264454604,1,nogo,avoid,0,-1,0,1,10
43,control,2,exp,8,31,856.605980293,4,nogo,win,1,0.521199847477,9,0,19
43,control,2,exp,8,32,862.057749936,3,go,avoid,1,0.671508610845,-11,0,8
43,control,2,exp,8,33,867.499497408,2,go,win,1,0.531202079458,9,1,17
43,control,2,exp,8,34,873.011393875,4,nogo,win,1,0.621413524208,-1,1,16
43,control,2,exp,8,35,878.292790505,4,nogo,win,1,0.420968471728,-1,1,15
43,control,2,exp,8,36,883.353717541,1,nogo,avoid,0,-1,0,1,15
43,control,2,exp,8,37,888.645138547,1,nogo,avoid,0,-1,0,1,15
43,control,2,exp,8,38,893.856381654,3,go,avoid,1,0.631432583039,-11,0,4
43,control,2,exp,8,39,899.478521498,3,go,avoid,0,-1,-10,1,-6
43,control,2,exp,8,40,904.810027629,2,go,win,1,0.551306487994,9,1,3
43,control,2,exp,8,41,910.211687196,1,nogo,avoid,0,-1,-10,0,-7
43,control,2,exp,8,42,915.914002473,2,go,win,1,0.66149741056,9,1,2
43,control,2,exp,8,43,921.175350832,4,nogo,win,1,0.55124908723,9,0,11
43,control,2,exp,8,44,926.476801697,1,nogo,avoid,0,-1,-10,0,1
43,control,2,exp,8,45,931.868431802,1,nogo,avoid,0,-1,0,1,1
43,control,2,exp,8,46,937.250054869,4,nogo,win,1,0.350872752661,-1,1,0
43,control,2,exp,8,47,942.671757306,3,go,avoid,0,-1,-10,1,-10
43,control,2,exp,8,48,948.053368734,4,nogo,win,1,0.631431858236,9,0,-1
43,control,2,exp,8,49,953.234558683,3,go,avoid,1,0.74166599829,-1,1,-2
43,control,2,exp,8,50,958.746452519,2,go,win,1,0.631705102835,9,1,7
43,control,2,exp,8,51,964.158134685,2,go,win,1,0.741665032889,9,1,16
43,control,2,exp,8,52,969.740181088,4,nogo,win,1,0.972155328181,9,0,25
43,control,2,exp,8,53,975.3422986,4,nogo,win,1,0.591346098224,-1,1,24
43,control,2,exp,8,54,980.483364588,4,nogo,win,1,0.290701434998,-1,1,23
43,control,2,exp,8,55,985.955183999,2,go,win,1,0.651468775913,-1,0,22
43,control,2,exp,8,56,991.316754462,2,go,win,1,0.651474881098,-1,0,21
43,control,2,exp,8,57,996.778545359,2,go,win,1,0.39090806821,9,1,30
43,control,2,exp,8,58,1002.27040072,4,nogo,win,1,0.561281030105,-1,1,29
43,control,2,exp,8,59,1007.60190329,4,nogo,win,1,0.36083784527,-1,1,28
43,control,2,exp,8,60,1013.00356635,3,go,avoid,1,0.581319890614,-1,1,27
43,control,2,exp,8,61,1018.43529051,3,go,avoid,1,0.651471275129,-11,0,16
43,control,2,exp,8,62,1023.78684448,1,nogo,avoid,0,-1,0,1,16
43,control,2,exp,8,63,1029.18850307,2,go,win,1,0.53180896186,9,1,25
43,control,2,exp,8,64,1034.36968552,4,nogo,win,1,0.561270741516,9,0,34
43,control,2,exp,8,65,1039.45067152,4,nogo,win,1,0.541234377216,-1,1,33
43,control,2,exp,8,66,1044.75209696,4,nogo,win,1,0.491124463701,-1,1,32
43,control,2,exp,8,67,1050.23392815,2,go,win,1,0.571296693491,-1,0,31
43,control,2,exp,8,68,1055.86609259,1,nogo,avoid,0,-1,0,1,31
43,control,2,exp,8,69,1060.97711548,1,nogo,avoid,0,-1,-10,0,21
43,control,2,exp,8,70,1066.49903939,1,nogo,avoid,0,-1,0,1,21
43,control,2,exp,8,71,1071.60004827,1,nogo,avoid,0,-1,0,1,21
43,control,2,exp,8,72,1076.95159426,3,go,avoid,1,0.521207245878,-11,0,10
43,control,2,exp,8,73,1082.47351742,2,go,win,1,0.420977464093,-1,0,9
43,control,2,exp,8,74,1087.76494202,2,go,win,1,0.581330482958,9,1,18
43,control,2,exp,8,75,1093.10646817,2,go,win,1,0.671507152217,9,1,27
43,control,2,exp,8,76,1098.48808392,3,go,avoid,1,0.611390266935,-11,0,16
43,control,2,exp,8,77,1104.22045853,4,nogo,win,1,0.491119074298,-1,1,15
43,control,2,exp,8,78,1109.60207486,1,nogo,avoid,1,0.992212248607,-1,0,14
43,control,2,exp,8,79,1115.16408025,1,nogo,avoid,0,-1,-10,0,4
43,control,3,exp,6,0,1283.73786904,4,nogo,avoid,0,-1,-10,0,-10
43,control,3,exp,6,1,1288.85891908,1,nogo,win,0,-1,0,0,-10
43,control,3,exp,6,2,1293.97997582,1,nogo,win,1,0.400912137759,-1,1,-11
43,control,3,exp,6,3,1299.60211816,1,nogo,win,1,0.481101693641,-1,1,-12
43,control,3,exp,6,4,1304.92358935,3,go,win,1,0.641447127641,9,1,-3
43,control,3,exp,6,5,1310.41545016,4,nogo,avoid,1,0.451118438001,-11,1,-14
43,control,3,exp,6,6,1315.68682003,3,go,win,1,0.400923815805,9,1,-5
43,control,3,exp,6,7,1321.2388017,3,go,win,1,0.410609525548,9,1,4
43,control,3,exp,6,8,1326.82085419,2,go,avoid,1,0.531203291473,-1,1,3
43,control,3,exp,6,9,1332.37283393,1,nogo,win,1,0.731638846331,-1,1,2
43,control,3,exp,6,10,1337.70433695,2,go,avoid,1,0.47165012524,-1,1,1
43,control,3,exp,6,11,1343.20621687,3,go,win,1,0.491146755144,-1,0,0
43,control,3,exp,6,12,1348.53772401,4,nogo,avoid,0,-1,0,1,0
43,control,3,exp,6,13,1353.9293586,4,nogo,avoid,0,-1,0,1,0
43,control,3,exp,6,14,1359.42121003,3,go,win,1,0.841868565389,9,1,9
43,control,3,exp,6,15,1365.00326025,3,go,win,1,0.851913284039,9,1,18
43,control,3,exp,6,16,1370.28466577,4,nogo,avoid,0,-1,0,1,18
43,control,3,exp,6,17,1375.50593028,2,go,avoid,1,0.902183021057,-1,1,17
43,control,3,exp,6,18,1381.07794876,4,nogo,avoid,1,0.511177020275,-1,0,16
43,control,3,exp,6,19,1386.59986905,1,nogo,win,0,-1,0,0,16
43,control,3,exp,6,20,1392.101744,1,nogo,win,0,-1,10,1,26
43,control,3,exp,6,21,1397.60362012,4,nogo,avoid,0,-1,0,1,26
43,control,3,exp,6,22,1403.17565537,3,go,win,1,0.511164518181,-1,0,25
43,control,3,exp,6,23,1408.89799809,1,nogo,win,0,-1,0,0,25
43,control,3,exp,6,24,1414.25957278,3,go,win,1,0.731633038887,9,1,34
43,control,3,exp,6,25,1419.65120531,4,nogo,avoid,1,0.62140569273,-1,0,33
43,control,3,exp,6,26,1425.18315616,2,go,avoid,0,-1,-10,1,23
43,control,3,exp,6,27,1430.44450304,4,nogo,avoid,0,-1,0,1,23
43,control,3,exp,6,28,1436.10672059,2,go,avoid,1,0.350813541393,-1,1,22
43,control,3,exp,6,29,1441.39815271,1,nogo,win,0,-1,10,1,32
43,control,3,exp,6,30,1446.64947947,3,go,win,1,0.611377424996,9,1,41
43,control,3,exp,6,31,1452.07118404,2,go,avoid,0,-1,-10,1,31
43,control,3,exp,6,32,1457.36261098,2,go,avoid,1,0.761704455796,-1,1,30
43,control,3,exp,6,33,1462.88452148,2,go,avoid,1,0.461066505266,-11,0,19
43,control,3,exp,6,34,1468.26614134,2,go,avoid,1,0.471098357916,-1,1,18
43,control,3,exp,6,35,1473.80809938,2,go,avoid,1,0.501143693959,-11,0,7
43,control,3,exp,6,36,1479.49037048,2,go,avoid,1,0.340795417889,-1,1,6
43,control,3,exp,6,37,1484.86196177,1,nogo,win,0,-1,0,0,6
43,control,3,exp,6,38,1490.423968,3,go,win,1,0.681538649985,9,1,15
43,control,3,exp,6,39,1495.70536621,3,go,win,1,0.511162259563,-1,0,14
43,control,3,exp,6,40,1501.19721531,3,go,win,1,0.400921524105,9,1,23
43,control,3,exp,6,41,1506.71913628,4,nogo,avoid,1,0.661491997096,-11,1,12
43,control,3,exp,6,42,1512.05064561,4,nogo,avoid,0,-1,0,1,12
43,control,3,exp,6,43,1517.34206711,1,nogo,win,0,-1,10,1,22
43,control,3,exp,6,44,1522.70363676,1,nogo,win,0,-1,10,1,32
43,control,3,exp,6,45,1528.29571393,3,go,win,1,0.54124164028,9,1,41
43,control,3,exp,6,46,1533.56708885,1,nogo,win,0,-1,0,0,41
43,control,3,exp,6,47,1538.878552,1,nogo,win,0,-1,10,1,51
43,control,3,exp,6,48,1544.16997302,4,nogo,avoid,0,-1,-10,0,41
43,control,3,exp,6,49,1549.63178666,2,go,avoid,0,-1,-10,1,31
43,control,3,exp,6,50,1555.17372683,3,go,win,1,0.571297929564,-1,0,30
43,control,3,exp,6,51,1560.47516879,2,go,avoid,1,0.29068859005,-11,0,19
43,control,3,exp,6,52,1566.04721667,1,nogo,win,0,-1,10,1,29
43,control,3,exp,6,53,1571.41879445,2,go,avoid,1,0.390909364433,-1,1,28
43,control,3,exp,6,54,1577.01086505,3,go,win,1,0.431564374251,9,1,37
43,control,3,exp,6,55,1582.73321159,4,nogo,avoid,1,0.651477365276,-11,1,26
43,control,3,exp,6,56,1587.93444199,4,nogo,avoid,1,0.62140448673,-11,1,15
43,control,3,exp,6,57,1593.26595009,3,go,win,1,0.461061747432,9,1,24
43,control,3,exp,6,58,1598.74778356,1,nogo,win,0,-1,10,1,34
43,control,3,exp,6,59,1603.8287499,2,go,avoid,0,-1,-10,1,24
43,control,3,exp,6,60,1609.42081107,1,nogo,win,0,-1,10,1,34
43,control,3,exp,6,61,1615.13314377,2,go,avoid,1,0.771728269453,-1,1,33
43,control,3,exp,6,62,1620.55484897,4,nogo,avoid,0,-1,-10,0,23
43,control,3,exp,6,63,1626.04669837,1,nogo,win,0,-1,0,0,23
43,control,3,exp,6,64,1631.6087097,2,go,avoid,1,0.591335902867,-11,0,12
43,control,3,exp,6,65,1637.10056006,4,nogo,avoid,1,0.410815450714,-1,0,11
43,control,3,exp,6,66,1642.6525513,4,nogo,avoid,1,0.531212975558,-11,1,0
43,control,3,exp,6,67,1648.17447167,1,nogo,win,0,-1,0,0,0
43,control,3,exp,6,68,1653.59617077,4,nogo,avoid,1,0.511175793223,-11,1,-11
43,control,3,exp,6,69,1658.80742095,2,go,avoid,1,0.631423220753,-1,1,-12
43,control,3,exp,6,70,1664.02868445,4,nogo,avoid,0,-1,0,1,-12
43,control,3,exp,6,71,1669.23993216,3,go,win,1,0.451040610432,9,1,-3
43,control,3,exp,6,72,1674.44116563,3,go,win,1,0.420973894214,9,1,6
43,control,3,exp,6,73,1680.0432573,1,nogo,win,0,-1,10,1,16
43,control,3,exp,6,74,1685.59523763,2,go,avoid,1,0.561275333937,-1,1,15
43,control,3,exp,6,75,1691.19733497,2,go,avoid,1,0.781750795908,-1,1,14
43,control,3,exp,6,76,1696.38853466,4,nogo,avoid,0,-1,0,1,14
43,control,3,exp,6,77,1701.50959086,1,nogo,win,0,-1,10,1,24
43,control,3,exp,6,78,1706.87115737,3,go,win,1,0.340799444905,-1,0,23
43,control,3,exp,6,79,1712.13253153,3,go,win,1,0.471084866361,9,1,32
43,control,4,induction,2,0,3131.08522883,4,go,win,0,-1,10,0,10
43,control,4,induction,2,1,3136.6272144,4,go,win,0,-1,0,1,10
43,control,4,induction,2,2,3141.88855174,1,nogo,avoid,0,-1,0,1,10
43,control,4,induction,2,3,3147.00960092,1,nogo,avoid,0,-1,-10,0,0
43,control,4,induction,2,4,3152.34111549,2,nogo,win,1,0.711594641531,-1,1,-1
43,control,4,induction,2,5,3157.79288177,1,nogo,avoid,1,0.5111694715,-11,1,-12
43,control,4,induction,2,6,3163.0341975,3,go,avoid,1,0.612005807874,-1,1,-13
43,control,4,induction,2,7,3168.4358592,4,go,win,0,-1,0,1,-13
43,control,4,induction,2,8,3173.83774552,1,nogo,avoid,1,0.420973115277,-11,1,-24
43,control,4,induction,2,9,3179.45965377,4,go,win,1,0.400916375299,9,1,-15
43,control,4,induction,2,10,3184.89137596,4,go,win,1,0.320758091195,9,1,-6
43,control,4,induction,2,11,3190.26297507,4,go,win,1,0.591336011136,9,1,3
43,control,4,induction,2,12,3195.49426557,4,go,win,1,0.631485292134,9,1,12
43,control,4,induction,2,13,3201.06628708,4,go,win,1,0.350824037499,-1,0,11
43,control,4,induction,2,14,3206.43788956,4,go,win,1,0.551248395509,9,1,20
43,control,4,induction,2,15,3211.68922076,3,go,avoid,1,0.651473070594,-1,1,19
43,control,4,induction,2,16,3217.2011473,2,nogo,win,1,0.491122060726,-1,1,18
43,control,4,induction,2,17,3222.75310097,2,nogo,win,1,0.441013548698,-1,1,17
43,control,4,induction,2,18,3228.17480463,2,nogo,win,0,-1,10,1,27
43,control,4,induction,2,19,3233.40609831,2,nogo,win,0,-1,10,1,37
43,control,4,induction,2,20,3238.747625,2,nogo,win,0,-1,10,1,47
43,control,4,induction,2,21,3243.84863838,3,go,avoid,1,0.591992071853,-11,0,36
43,control,4,induction,2,22,3249.45073145,2,nogo,win,0,-1,10,1,46
43,control,4,induction,2,23,3254.79226089,4,go,win,1,0.420972952874,-1,0,45
43,control,4,induction,2,24,3260.00350943,3,go,avoid,1,0.641447855452,-1,1,44
43,control,4,induction,2,25,3265.58556081,3,go,avoid,1,0.501150548005,-11,0,33
43,control,4,induction,2,26,3271.04734353,3,go,avoid,1,0.350815009044,-1,1,32
43,control,4,induction,2,27,3276.42896578,1,nogo,avoid,0,-1,0,1,32
43,control,4,induction,2,28,3281.88072275,3,go,avoid,1,0.430996625179,-11,0,21
43,control,4,induction,2,29,3287.09198343,1,nogo,avoid,0,-1,-10,0,11
43,control,4,induction,2,30,3292.19299342,2,nogo,win,1,0.431086458606,-1,1,10
43,control,4,induction,2,31,3297.70488369,1,nogo,avoid,0,-1,0,1,10
43,control,4,induction,2,32,3303.0965215,3,go,avoid,1,0.441217383664,-11,0,-1
43,control,4,induction,2,33,3308.55831748,2,nogo,win,0,-1,0,0,-1
43,control,4,induction,2,34,3314.00006005,1,nogo,avoid,1,0.581319355282,-1,0,-2
43,control,4,induction,2,35,3319.32154829,4,go,win,1,0.420972321303,9,1,7
43,control,4,induction,2,36,3324.72320494,1,nogo,avoid,1,0.451035431552,-11,1,-4
43,control,4,induction,2,37,3330.19503089,2,nogo,win,0,-1,10,1,6
43,control,4,induction,2,38,3335.50648764,3,go,avoid,0,-1,-10,1,-4
43,control,4,induction,2,39,3340.79789573,1,nogo,avoid,0,-1,0,1,-4
43,control,4,induction,2,40,3346.08932956,4,go,win,1,0.441010748735,9,1,5
43,control,4,induction,2,41,3351.40079138,2,nogo,win,0,-1,10,1,15
43,control,4,induction,2,42,3356.69221705,1,nogo,avoid,1,0.401102914248,-11,1,4
43,control,4,induction,2,43,3361.97361544,3,go,avoid,1,0.641443401373,-1,1,3
43,control,4,induction,2,44,3367.19489093,4,go,win,1,0.771736906934,-1,0,2
43,control,4,induction,2,45,3372.66672292,2,nogo,win,0,-1,10,1,12
43,control,4,induction,2,46,3378.08840412,1,nogo,avoid,1,0.471089377581,-1,0,11
43,control,4,induction,2,47,3383.37982258,2,nogo,win,0,-1,10,1,21
43,control,4,induction,2,48,3388.88169589,1,nogo,avoid,1,0.501807670364,-11,1,10
43,control,4,induction,2,49,3394.14305025,1,nogo,avoid,1,0.671535031557,-1,0,9
43,control,4,induction,2,50,3399.44449821,1,nogo,avoid,1,0.350809691819,-11,1,-2
43,control,4,induction,2,51,3404.94637949,4,go,win,1,0.380892176256,-1,0,-3
43,control,4,induction,2,52,3410.56851578,4,go,win,1,0.31073116179,9,1,6
43,control,4,induction,2,53,3415.7396689,1,nogo,avoid,1,0.471077443899,-11,1,-5
43,control,4,induction,2,54,3421.03108863,1,nogo,avoid,0,-1,0,1,-5
43,control,4,induction,2,55,3426.63318441,2,nogo,win,0,-1,0,0,-5
43,control,4,induction,2,56,3431.87448983,3,go,avoid,0,-1,0,0,-5
43,control,4,induction,2,57,3437.17593638,2,nogo,win,0,-1,0,0,-5
43,control,4,induction,2,58,3442.50744773,2,nogo,win,0,-1,10,1,5
43,control,4,induction,2,59,3447.64854671,4,go,win,1,0.360840386591,9,1,14
43,control,4,induction,2,60,3452.80968377,3,go,avoid,0,-1,-10,1,4
43,control,4,induction,2,61,3458.24141106,3,go,avoid,0,-1,-10,1,-6
43,control,4,induction,2,62,3463.55287645,1,nogo,avoid,0,-1,0,1,-6
43,control,4,induction,2,63,3468.76412249,2,nogo,win,0,-1,10,1,4
43,control,4,induction,2,64,3474.31610847,4,go,win,1,0.240586462904,9,1,13
43,control,4,induction,2,65,3479.81801013,3,go,avoid,0,-1,-10,1,3
43,control,4,induction,2,66,3485.15951527,2,nogo,win,0,-1,10,1,13
43,control,4,induction,2,67,3490.45092646,3,go,avoid,0,-1,-10,1,3
43,control,4,induction,2,68,3496.09311398,1,nogo,avoid,0,-1,0,1,3
43,control,4,induction,2,69,3501.21416656,4,go,win,1,0.370863003271,9,1,12
43,control,4,induction,2,70,3506.30515778,2,nogo,win,0,-1,10,1,22
43,control,4,induction,2,71,3511.59658236,3,go,avoid,1,0.351416225354,-1,1,21
43,control,4,induction,2,72,3517.268832,3,go,avoid,1,0.491122716356,-1,1,20
43,control,4,induction,2,73,3522.74063759,4,go,win,1,0.521192220507,9,1,29
43,control,4,induction,2,74,3528.2324826,2,nogo,win,0,-1,0,0,29
43,control,4,induction,2,75,3533.69428178,3,go,avoid,1,0.501166638023,-11,0,18
43,control,4,induction,2,76,3539.29636755,3,go,avoid,1,0.351427710921,-11,0,7
43,control,4,induction,2,77,3544.42744167,3,go,avoid,1,0.491129997466,-1,1,6
43,control,4,induction,2,78,3549.76897913,4,go,win,1,0.671510021353,-1,0,5
43,control,4,induction,2,79,3555.13054537,1,nogo,avoid,0,-1,0,1,5
43,control,5,exp,3,0,3845.51722608,3,go,avoid,1,0.721618521351,-1,1,-1
43,control,5,exp,3,1,3851.05918806,1,go,win,1,0.551249818049,-1,0,-2
43,control,5,exp,3,2,3856.38068084,3,go,avoid,0,-1,-10,1,-12
43,control,5,exp,3,3,3861.86250724,2,nogo,win,1,0.380900922008,-1,1,-13
43,control,5,exp,3,4,3867.1138593,4,nogo,avoid,1,0.441013232912,-11,1,-24
43,control,5,exp,3,5,3872.45536747,2,nogo,win,0,-1,10,1,-14
43,control,5,exp,3,6,3878.06749134,1,go,win,0,-1,10,0,-4
43,control,5,exp,3,7,3883.57937679,1,go,win,0,-1,10,0,6
43,control,5,exp,3,8,3888.96098958,4,nogo,avoid,0,-1,-10,0,-4
43,control,5,exp,3,9,3894.45284736,3,go,avoid,0,-1,-10,1,-14
43,control,5,exp,3,10,3899.93468026,3,go,avoid,1,0.451040679603,-11,0,-25
43,control,5,exp,3,11,3905.33634251,3,go,avoid,1,0.360827956674,-11,0,-36
43,control,5,exp,3,12,3910.8181765,3,go,avoid,1,0.270647564157,-11,0,-47
43,control,5,exp,3,13,3915.99935117,3,go,avoid,0,-1,-10,1,-57
43,control,5,exp,3,14,3921.29078615,4,nogo,avoid,0,-1,-10,0,-67
43,control,5,exp,3,15,3926.84275006,4,nogo,avoid,1,0.621539248903,-11,1,-78
43,control,5,exp,3,16,3932.13418422,4,nogo,avoid,1,0.691547098426,-11,1,-89
43,control,5,exp,3,17,3937.5558796,4,nogo,avoid,1,0.49112254493,-11,1,-100
43,control,5,exp,3,18,3943.17802279,1,go,win,0,-1,0,1,-100
43,control,5,exp,3,19,3948.39928721,1,go,win,0,-1,0,1,-100
43,control,5,exp,3,20,3953.71074826,4,nogo,avoid,0,-1,-10,0,-110
43,control,5,exp,3,21,3959.22264869,1,go,win,0,-1,0,1,-110
43,control,5,exp,3,22,3964.60426673,4,nogo,avoid,0,-1,0,1,-110
43,control,5,exp,3,23,3969.77542128,1,go,win,0,-1,0,1,-110
43,control,5,exp,3,24,3975.10693447,1,go,win,1,0.591341466705,9,1,-101
43,control,5,exp,3,25,3980.72906309,2,nogo,win,0,-1,10,1,-91
43,control,5,exp,3,26,3986.24096617,2,nogo,win,0,-1,10,1,-81
43,control,5,exp,3,27,3991.78292621,4,nogo,avoid,1,0.601365770581,-11,1,-92
43,control,5,exp,3,28,3996.9941727,1,go,win,0,-1,10,0,-82
43,control,5,exp,3,29,4002.55617961,3,go,avoid,0,-1,-10,1,-92
43,control,5,exp,3,30,4007.92777467,3,go,avoid,1,0.380886807905,-1,1,-93
43,control,5,exp,3,31,4013.37955023,2,nogo,win,1,0.491197638699,9,0,-84
43,control,5,exp,3,32,4018.68098532,2,nogo,win,0,-1,10,1,-74
43,control,5,exp,3,33,4023.88223773,2,nogo,win,0,-1,10,1,-64
43,control,5,exp,3,34,4029.54443317,3,go,avoid,1,0.390915364356,-1,1,-65
43,control,5,exp,3,35,4034.83585971,3,go,avoid,1,0.611385042943,-1,1,-66
43,control,5,exp,3,36,4040.49807078,2,nogo,win,0,-1,0,0,-66
43,control,5,exp,3,37,4045.88971294,2,nogo,win,0,-1,10,1,-56
43,control,5,exp,3,38,4051.31146381,2,nogo,win,0,-1,10,1,-46
43,control,5,exp,3,39,4056.67299033,2,nogo,win,0,-1,0,0,-46
43,control,5,exp,3,40,4061.86418807,2,nogo,win,0,-1,10,1,-36
43,control,5,exp,3,41,4067.21574105,4,nogo,avoid,1,0.811809683655,-1,0,-37
43,control,5,exp,3,42,4072.66751385,2,nogo,win,0,-1,10,1,-27
43,control,5,exp,3,43,4077.98899792,4,nogo,avoid,0,-1,0,1,-27
43,control,5,exp,3,44,4083.28042014,4,nogo,avoid,0,-1,0,1,-27
43,control,5,exp,3,45,4088.92259644,2,nogo,win,0,-1,10,1,-17
43,control,5,exp,3,46,4094.32425559,3,go,avoid,1,0.671513161164,-11,0,-28
43,control,5,exp,3,47,4100.05662409,1,go,win,1,0.461065587984,-1,0,-29
43,control,5,exp,3,48,4105.34805359,4,nogo,avoid,0,-1,-10,0,-39
43,control,5,exp,3,49,4110.50918926,1,go,win,1,0.330768193751,-1,0,-40
43,control,5,exp,3,50,4115.68034838,4,nogo,avoid,1,0.832470656447,-11,1,-51
43,control,5,exp,3,51,4121.02188169,1,go,win,1,0.591392244998,9,1,-42
43,control,5,exp,3,52,4126.16297392,4,nogo,avoid,0,-1,0,1,-42
43,control,5,exp,3,53,4131.59470148,4,nogo,avoid,0,-1,0,1,-42
43,control,5,exp,3,54,4136.82598792,1,go,win,1,0.31073375123,-1,0,-43
43,control,5,exp,3,55,4142.45814821,1,go,win,1,0.370859761208,-1,0,-44
43,control,5,exp,3,56,4147.59925002,2,nogo,win,0,-1,10,1,-34
43,control,5,exp,3,57,4152.84056103,1,go,win,0,-1,10,0,-24
43,control,5,exp,3,58,4158.02174497,1,go,win,0,-1,0,1,-24
43,control,5,exp,3,59,4163.27307714,1,go,win,0,-1,0,1,-24
43,control,5,exp,3,60,4168.42420068,1,go,win,0,-1,0,1,-24
43,control,5,exp,3,61,4173.84589884,1,go,win,1,0.521201561742,-1,0,-25
43,control,5,exp,3,62,4179.2876441,1,go,win,1,0.571301367116,9,1,-16
43,control,5,exp,3,63,4184.83963137,4,nogo,avoid,0,-1,0,1,-16
43,control,5,exp,3,64,4190.31143514,3,go,avoid,0,-1,-10,1,-26
43,control,5,exp,3,65,4195.75318757,4,nogo,avoid,0,-1,0,1,-26
43,control,5,exp,3,66,4201.15484862,3,go,avoid,1,0.491074241792,-1,1,-27
43,control,5,exp,3,67,4206.29594445,2,nogo,win,0,-1,0,0,-27
43,control,5,exp,3,68,4211.65751778,3,go,avoid,1,0.491118039725,-11,0,-38
43,control,5,exp,3,69,4217.32975802,4,nogo,avoid,1,0.531215149966,-11,1,-49
43,control,5,exp,3,70,4222.67128858,2,nogo,win,0,-1,10,1,-39
43,control,5,exp,3,71,4227.73221368,4,nogo,avoid,0,-1,0,1,-39
43,control,5,exp,3,72,4232.89334411,3,go,avoid,1,0.651471163852,-11,0,-50
43,control,5,exp,3,73,4238.41528177,3,go,avoid,1,0.410952994805,-1,1,-51
43,control,5,exp,3,74,4243.86703318,2,nogo,win,0,-1,10,1,-41
43,control,5,exp,3,75,4249.00813159,3,go,avoid,1,0.521194352812,-11,0,-52
43,control,5,exp,3,76,4254.64031884,3,go,avoid,0,-1,0,0,-52
43,control,5,exp,3,77,4260.13214633,3,go,avoid,0,-1,-10,1,-62
43,control,5,exp,3,78,4265.33336984,2,nogo,win,0,-1,10,1,-52
43,control,5,exp,3,79,4270.91541524,2,nogo,win,0,-1,10,1,-42
43,control,6,exp,4,0,4523.66085754,2,go,avoid,0,-1,-10,1,-10
43,control,6,exp,4,1,4528.91219069,3,nogo,win,0,-1,10,1,0
43,control,6,exp,4,2,4534.16352379,3,nogo,win,0,-1,10,1,10
43,control,6,exp,4,3,4539.53511668,2,go,avoid,1,0.521192497197,-1,1,9
43,control,6,exp,4,4,4545.06705417,3,nogo,win,0,-1,0,0,9
43,control,6,exp,4,5,4550.33845878,3,nogo,win,0,-1,10,1,19
43,control,6,exp,4,6,4555.90043635,1,go,win,1,0.811815909139,9,1,28
43,control,6,exp,4,7,4561.17181966,2,go,avoid,1,0.511162253548,-1,1,27
43,control,6,exp,4,8,4566.80397441,1,go,win,1,0.370865890451,9,1,36
43,control,6,exp,4,9,4572.10541348,1,go,win,1,0.380889833428,9,1,45
43,control,6,exp,4,10,4577.58724036,1,go,win,1,0.491127402009,9,1,54
43,control,6,exp,4,11,4583.18936054,3,nogo,win,0,-1,10,1,64
43,control,6,exp,4,12,4588.87160276,1,go,win,1,0.551863365026,-1,0,63
43,control,6,exp,4,13,4594.3935174,2,go,avoid,1,0.581313355358,-11,0,52
43,control,6,exp,4,14,4599.76511178,3,nogo,win,1,0.370869634764,9,0,61
43,control,6,exp,4,15,4605.13670491,1,go,win,0,-1,10,0,71
43,control,6,exp,4,16,4610.83900932,2,go,avoid,1,0.751698377249,-1,1,70
43,control,6,exp,4,17,4615.98010956,2,go,avoid,1,0.531223119788,-1,1,69
43,control,6,exp,4,18,4621.54211235,2,go,avoid,1,0.400929722497,-1,1,68
43,control,6,exp,4,19,4627.27448572,2,go,avoid,1,0.501289370275,-1,1,67
43,control,6,exp,4,20,4632.83651621,1,go,win,0,-1,10,0,77
43,control,6,exp,4,21,4638.09784839,4,nogo,avoid,1,0.691560665169,-11,1,66
43,control,6,exp,4,22,4643.69993501,2,go,avoid,1,0.481099738779,-1,1,65
43,control,6,exp,4,23,4648.96128985,4,nogo,avoid,0,-1,-10,0,55
43,control,6,exp,4,24,4654.37297405,3,nogo,win,0,-1,0,0,55
43,control,6,exp,4,25,4659.64435396,4,nogo,avoid,1,0.44101531108,-1,0,54
43,control,6,exp,4,26,4664.93577398,1,go,win,1,0.481092051659,-1,0,53
43,control,6,exp,4,27,4670.19713047,3,nogo,win,0,-1,10,1,63
43,control,6,exp,4,28,4675.62885541,4,nogo,avoid,0,-1,-10,0,53
43,control,6,exp,4,29,4680.97038355,4,nogo,avoid,1,0.421063706592,-11,1,42
43,control,6,exp,4,30,4686.13152015,3,nogo,win,0,-1,10,1,52
43,control,6,exp,4,31,4691.5933167,4,nogo,avoid,0,-1,0,1,52
43,control,6,exp,4,32,4696.99497343,3,nogo,win,0,-1,10,1,62
43,control,6,exp,4,33,4702.35654213,4,nogo,avoid,0,-1,0,1,62
43,control,6,exp,4,34,4707.70809371,3,nogo,win,0,-1,10,1,72
43,control,6,exp,4,35,4713.06966376,1,go,win,1,0.551252148844,9,1,81
43,control,6,exp,4,36,4718.69179972,1,go,win,0,-1,0,1,81
43,control,6,exp,4,37,4724.16361196,4,nogo,avoid,0,-1,0,1,81
43,control,6,exp,4,38,4729.48509574,2,go,avoid,1,0.451027939918,-11,0,70
43,control,6,exp,4,39,4734.76649654,1,go,win,0,-1,10,0,80
43,control,6,exp,4,40,4740.05794945,2,go,avoid,1,0.420966336416,-1,1,79
43,control,6,exp,4,41,4745.18899754,3,nogo,win,0,-1,0,0,79
43,control,6,exp,4,42,4750.46036819,1,go,win,0,-1,0,1,79
43,control,6,exp,4,43,4755.90211903,1,go,win,0,-1,0,1,79
43,control,6,exp,4,44,4761.27371244,4,nogo,avoid,0,-1,0,1,79
43,control,6,exp,4,45,4766.62526138,2,go,avoid,1,0.410952396318,-1,1,78
43,control,6,exp,4,46,4771.95676838,4,nogo,avoid,0,-1,0,1,78
43,control,6,exp,4,47,4777.30835014,4,nogo,avoid,0,-1,0,1,78
43,control,6,exp,4,48,4782.83024732,2,go,avoid,0,-1,-10,1,68
43,control,6,exp,4,49,4788.52250728,1,go,win,0,-1,10,0,78
43,control,6,exp,4,50,4793.7639315,2,go,avoid,1,0.280665419994,-1,1,77
43,control,6,exp,4,51,4798.97508413,3,nogo,win,0,-1,0,0,77
43,control,6,exp,4,52,4804.3767434,3,nogo,win,0,-1,10,1,87
43,control,6,exp,4,53,4809.92872959,3,nogo,win,0,-1,10,1,97
43,control,6,exp,4,54,4815.29033029,3,nogo,win,0,-1,10,1,107
43,control,6,exp,4,55,4820.62181178,2,go,avoid,0,-1,-10,1,97
43,control,6,exp,4,56,4825.87315177,1,go,win,0,-1,0,1,97
43,control,6,exp,4,57,4831.06434946,4,nogo,avoid,0,-1,-10,0,87
43,control,6,exp,4,58,4836.13530301,4,nogo,avoid,0,-1,0,1,87
43,control,6,exp,4,59,4841.68727571,4,nogo,avoid,0,-1,0,1,87
43,control,6,exp,4,60,4847.27935206,4,nogo,avoid,0,-1,0,1,87
43,control,6,exp,4,61,4852.85137662,1,go,win,0,-1,0,1,87
43,control,6,exp,4,62,4858.24302864,4,nogo,avoid,0,-1,0,1,87
43,control,6,exp,4,63,4863.70480156,3,nogo,win,0,-1,10,1,97
43,control,6,exp,4,64,4869.16660362,3,nogo,win,0,-1,10,1,107
43,control,6,exp,4,65,4874.37784739,3,nogo,win,0,-1,10,1,117
43,control,6,exp,4,66,4879.83962839,2,go,avoid,1,0.370884175929,-1,1,116
43,control,6,exp,4,67,4885.35153144,4,nogo,avoid,0,-1,-10,0,106
43,control,6,exp,4,68,4890.98371084,2,go,avoid,1,0.321472340635,-1,1,105
43,control,6,exp,4,69,4896.26510494,1,go,win,0,-1,10,0,115
43,control,6,exp,4,70,4901.92731385,4,nogo,avoid,0,-1,-10,0,105
43,control,6,exp,4,71,4907.08844843,3,nogo,win,0,-1,10,1,115
43,control,6,exp,4,72,4912.5602555,4,nogo,avoid,0,-1,-10,0,105
43,control,6,exp,4,73,4918.06212941,2,go,avoid,1,0.641441690117,-1,1,104
43,control,6,exp,4,74,4923.34353024,2,go,avoid,1,0.310736124133,-1,1,103
43,control,6,exp,4,75,4928.55478004,4,nogo,avoid,0,-1,0,1,103
43,control,6,exp,4,76,4933.92637439,1,go,win,0,-1,0,1,103
43,control,6,exp,4,77,4939.52845933,1,go,win,0,-1,10,0,113
43,control,6,exp,4,78,4944.96019603,1,go,win,0,-1,0,1,113
43,control,6,exp,4,79,4950.47209657,2,go,avoid,1,0.321456683694,-1,1,112
43,control,7,induction,5,0,5088.53003604,3,nogo,avoid,1,0.671519215219,-11,1,-11
43,control,7,induction,5,1,5093.96173669,2,nogo,win,1,0.581316143294,-1,1,-12
43,control,7,induction,5,2,5099.5538044,2,nogo,win,1,0.501140130096,-1,1,-13
43,control,7,induction,5,3,5104.77506637,4,go,win,1,0.270650703966,9,1,-4
43,control,7,induction,5,4,5109.89612352,2,nogo,win,0,-1,10,1,6
43,control,7,induction,5,5,5115.23767508,1,go,avoid,1,0.430986324558,-11,0,-5
43,control,7,induction,5,6,5120.52906235,1,go,avoid,0,-1,-10,1,-15
43,control,7,induction,5,7,5125.58998979,4,go,win,0,-1,0,1,-15
43,control,7,induction,5,8,5130.68097409,3,nogo,avoid,1,0.651483732112,-11,1,-26
43,control,7,induction,5,9,5136.17285469,4,go,win,0,-1,10,0,-16
43,control,7,induction,5,10,5141.29387898,2,nogo,win,0,-1,10,1,-6
43,control,7,induction,5,11,5146.53521394,3,nogo,avoid,0,-1,0,1,-6
43,control,7,induction,5,12,5152.09719398,1,go,avoid,0,-1,0,0,-6
43,control,7,induction,5,13,5157.71932677,1,go,avoid,0,-1,-10,1,-16
43,control,7,induction,5,14,5163.3514791,1,go,avoid,0,-1,-10,1,-26
43,control,7,induction,5,15,5168.48255076,2,nogo,win,0,-1,10,1,-16
43,control,7,induction,5,16,5173.90425949,3,nogo,avoid,1,0.63142818911,-11,1,-27
43,control,7,induction,5,17,5179.46625243,1,go,avoid,0,-1,-10,1,-37
43,control,7,induction,5,18,5184.91830558,4,go,win,0,-1,0,1,-37
43,control,7,induction,5,19,5190.06914052,3,nogo,avoid,0,-1,0,1,-37
43,control,7,induction,5,20,5195.52090582,4,go,win,0,-1,0,1,-37
43,control,7,induction,5,21,5201.16308042,3,nogo,avoid,0,-1,-10,0,-47
43,control,7,induction,5,22,5206.66493601,3,nogo,avoid,0,-1,-10,0,-57
43,control,7,induction,5,23,5211.90627177,1,go,avoid,0,-1,-10,1,-67
43,control,7,induction,5,24,5217.58853208,3,nogo,avoid,0,-1,0,1,-67
43,control,7,induction,5,25,5222.89999658,4,go,win,1,0.421542590642,-1,0,-68
43,control,7,induction,5,26,5228.37181692,4,go,win,1,0.46106319403,9,1,-59
43,control,7,induction,5,27,5233.6532057,3,nogo,avoid,0,-1,0,1,-59
43,control,7,induction,5,28,5239.16510198,3,nogo,avoid,0,-1,-10,0,-69
43,control,7,induction,5,29,5244.35631222,2,nogo,win,0,-1,10,1,-59
43,control,7,induction,5,30,5249.57759895,4,go,win,1,0.400929102956,-1,0,-60
43,control,7,induction,5,31,5255.00929684,1,go,avoid,0,-1,0,0,-60
43,control,7,induction,5,32,5260.34080914,2,nogo,win,0,-1,10,1,-50
43,control,7,induction,5,33,5265.73244043,1,go,avoid,0,-1,-10,1,-60
43,control,7,induction,5,34,5271.18421021,3,nogo,avoid,1,0.851887967072,-11,1,-71
43,control,7,induction,5,35,5276.68608258,2,nogo,win,0,-1,0,0,-71
43,control,7,induction,5,36,5281.96748669,2,nogo,win,0,-1,0,0,-71
43,control,7,induction,5,37,5287.53951466,4,go,win,1,0.521188431083,9,1,-62
43,control,7,induction,5,38,5293.02133396,1,go,avoid,0,-1,0,0,-62
43,control,7,induction,5,39,5298.1323674,2,nogo,win,0,-1,10,1,-52
43,control,7,induction,5,40,5303.36365918,4,go,win,1,0.431000724373,9,1,-43
43,control,7,induction,5,41,5308.64506027,3,nogo,avoid,1,0.581317914699,-11,1,-54
43,control,7,induction,5,42,5313.91643786,1,go,avoid,0,-1,-10,1,-64
43,control,7,induction,5,43,5319.16777635,1,go,avoid,0,-1,-10,1,-74
43,control,7,induction,5,44,5324.6997126,4,go,win,1,0.461062258702,9,1,-65
43,control,7,induction,5,45,5329.99112803,4,go,win,1,0.661483807728,-1,0,-66
43,control,7,induction,5,46,5335.23244943,2,nogo,win,0,-1,10,1,-56
43,control,7,induction,5,47,5340.42364728,2,nogo,win,0,-1,10,1,-46
43,control,7,induction,5,48,5345.7752046,4,go,win,1,0.45103209325,9,1,-37
43,control,7,induction,5,49,5351.3472262,1,go,avoid,0,-1,-10,1,-47
43,control,7,induction,5,50,5356.63862856,3,nogo,avoid,0,-1,-10,0,-57
43,control,7,induction,5,51,5361.99019688,3,nogo,avoid,0,-1,0,1,-57
43,control,7,induction,5,52,5367.29164601,1,go,avoid,1,0.330775492903,-1,1,-58
43,control,7,induction,5,53,5372.74341332,4,go,win,1,0.441015115593,9,1,-49
43,control,7,induction,5,54,5378.13504725,2,nogo,win,0,-1,10,1,-39
43,control,7,induction,5,55,5383.40642014,2,nogo,win,0,-1,10,1,-29
43,control,7,induction,5,56,5388.80808138,3,nogo,avoid,0,-1,0,1,-29
43,control,7,induction,5,57,5394.27989434,4,go,win,1,0.310724094212,-1,0,-30
43,control,7,induction,5,58,5399.36085641,1,go,avoid,1,0.701586956988,-11,0,-41
43,control,7,induction,5,59,5404.78255677,2,nogo,win,0,-1,10,1,-31
43,control,7,induction,5,60,5410.10407774,4,go,win,1,0.541221436029,9,1,-22
43,control,7,induction,5,61,5415.66604623,4,go,win,1,0.471076613836,-1,0,-23
43,control,7,induction,5,62,5420.93742376,3,nogo,avoid,0,-1,0,1,-23
43,control,7,induction,5,63,5426.33908949,2,nogo,win,0,-1,10,1,-13
43,control,7,induction,5,64,5431.96122518,3,nogo,avoid,0,-1,-10,0,-23
43,control,7,induction,5,65,5437.16245581,2,nogo,win,0,-1,10,1,-13
43,control,7,induction,5,66,5442.79461063,1,go,avoid,1,0.652048284232,-1,1,-14
43,control,7,induction,5,67,5448.06598446,4,go,win,1,0.571297878438,9,1,-5
43,control,7,induction,5,68,5453.39749566,2,nogo,win,0,-1,10,1,5
43,control,7,induction,5,69,5458.82921151,2,nogo,win,0,-1,10,1,15
43,control,7,induction,5,70,5464.41126224,1,go,avoid,1,0.631425238773,-11,0,4
43,control,7,induction,5,71,5469.90312026,2,nogo,win,0,-1,10,1,14
43,control,7,induction,5,72,5475.0742771,4,go,win,1,0.380888720661,-1,0,13
43,control,7,induction,5,73,5480.31559256,3,nogo,avoid,0,-1,-10,0,3
43,control,7,induction,5,74,5485.80744644,1,go,avoid,1,0.51116004305,-1,1,2
43,control,7,induction,5,75,5491.449623,1,go,avoid,1,0.571313664699,-11,0,-9
43,control,7,induction,5,76,5496.76109207,3,nogo,avoid,0,-1,0,1,-9
43,control,7,induction,5,77,5502.47342223,1,go,avoid,1,0.461060165497,-1,1,-10
43,control,7,induction,5,78,5508.01537986,3,nogo,avoid,0,-1,0,1,-10
43,control,7,induction,5,79,5513.33686966,4,go,win,1,0.461084348644,-1,0,-11
43,control,8,exp,1,0,5657.98902802,2,nogo,avoid,1,0.651472036021,-11,1,-11
43,control,8,exp,1,1,5663.15018313,3,nogo,win,1,0.692211709409,-1,1,-12
43,control,8,exp,1,2,5668.60192278,3,nogo,win,1,0.571295616812,-1,1,-13
43,control,8,exp,1,3,5673.92340975,1,go,avoid,1,0.481101997397,-1,1,-14
43,control,8,exp,1,4,5679.57560521,1,go,avoid,0,-1,0,0,-14
43,control,8,exp,1,5,5685.20776188,4,go,win,1,0.451039900667,9,1,-5
43,control,8,exp,1,6,5690.90004093,2,nogo,avoid,1,0.531200311059,-11,1,-16
43,control,8,exp,1,7,5696.09124485,1,go,avoid,1,0.360840819667,-1,1,-17
43,control,8,exp,1,8,5701.38266474,4,go,win,1,0.43099559662,9,1,-8
43,control,8,exp,1,9,5706.88453409,4,go,win,0,-1,0,1,-8
43,control,8,exp,1,10,5712.47660548,3,nogo,win,0,-1,10,1,2
43,control,8,exp,1,11,5718.03860877,3,nogo,win,0,-1,10,1,12
43,control,8,exp,1,12,5723.36010321,2,nogo,avoid,0,-1,0,1,12
43,control,8,exp,1,13,5728.8820283,2,nogo,avoid,0,-1,0,1,12
43,control,8,exp,1,14,5734.63442014,1,go,avoid,0,-1,-10,1,2
43,control,8,exp,1,15,5739.97595114,1,go,avoid,0,-1,-10,1,-8
43,control,8,exp,1,16,5745.17717591,3,nogo,win,0,-1,10,1,2
43,control,8,exp,1,17,5750.29822997,2,nogo,avoid,1,0.93207189295,-11,1,-9
43,control,8,exp,1,18,5755.80010152,3,nogo,win,0,-1,10,1,1
43,control,8,exp,1,19,5761.36210574,4,go,win,1,0.761706257277,9,1,10
43,control,8,exp,1,20,5766.443067,3,nogo,win,1,0.952111748935,-1,1,9
43,control,8,exp,1,21,5771.8046402,3,nogo,win,0,-1,10,1,19
43,control,8,exp,1,22,5777.37666844,1,go,avoid,1,0.952702565381,-1,1,18
43,control,8,exp,1,23,5782.85850613,3,nogo,win,0,-1,0,0,18
43,control,8,exp,1,24,5788.20003343,2,nogo,avoid,0,-1,-10,0,8
43,control,8,exp,1,25,5793.70190218,1,go,avoid,1,0.581315021504,-1,1,7
43,control,8,exp,1,26,5799.1536714,1,go,avoid,1,0.420965638681,-1,1,6
43,control,8,exp,1,27,5804.5352833,1,go,avoid,1,0.641445293079,-1,1,5
43,control,8,exp,1,28,5810.01712015,3,nogo,win,0,-1,10,1,15
43,control,8,exp,1,29,5815.38871044,2,nogo,avoid,1,0.390906068236,-11,1,4
43,control,8,exp,1,30,5820.69014938,3,nogo,win,0,-1,10,1,14
43,control,8,exp,1,31,5826.02165194,2,nogo,avoid,1,0.811859797295,-11,1,3
43,control,8,exp,1,32,5831.53355467,3,nogo,win,0,-1,10,1,13
43,control,8,exp,1,33,5837.24588373,1,go,avoid,1,0.902008957135,-1,1,12
43,control,8,exp,1,34,5842.52728163,4,go,win,1,0.451043329194,9,1,21
43,control,8,exp,1,35,5847.74854832,3,nogo,win,0,-1,10,1,31
43,control,8,exp,1,36,5853.00990878,1,go,avoid,1,0.9020111135,-1,1,30
43,control,8,exp,1,37,5858.33139033,2,nogo,avoid,0,-1,-10,0,20
43,control,8,exp,1,38,5863.84328935,1,go,avoid,1,0.601351268513,-1,1,19
43,control,8,exp,1,39,5869.00441395,4,go,win,1,0.601368044236,-1,0,18
43,control,8,exp,1,40,5874.31589181,1,go,avoid,1,0.95211064519,-1,1,17
43,control,8,exp,1,41,5879.51711771,1,go,avoid,1,0.420971223572,-11,0,6
43,control,8,exp,1,42,5885.05910968,4,go,win,1,0.410949379815,-1,0,5
43,control,8,exp,1,43,5890.25028663,4,go,win,1,0.501137588775,-1,0,4
43,control,8,exp,1,44,5895.75215507,2,nogo,avoid,0,-1,-10,0,-6
43,control,8,exp,1,45,5901.0436026,1,go,avoid,0,-1,0,0,-6
43,control,8,exp,1,46,5906.70579795,4,go,win,1,0.581312826042,9,1,3
43,control,8,exp,1,47,5912.05737587,3,nogo,win,0,-1,10,1,13
43,control,8,exp,1,48,5917.36881517,2,nogo,avoid,1,0.42096353946,-11,1,2
43,control,8,exp,1,49,5922.96088337,4,go,win,1,0.410946691127,9,1,11
43,control,8,exp,1,50,5928.38259342,2,nogo,avoid,0,-1,-10,0,1
43,control,8,exp,1,51,5933.99469463,1,go,avoid,1,0.320763745258,-1,1,0
43,control,8,exp,1,52,5939.17590992,4,go,win,1,0.481082232238,9,1,9
43,control,8,exp,1,53,5944.747911,4,go,win,1,0.401543765709,9,1,18
43,control,8,exp,1,54,5950.11950377,3,nogo,win,0,-1,10,1,28
43,control,8,exp,1,55,5955.48107633,3,nogo,win,0,-1,0,0,28
43,control,8,exp,1,56,5960.82259954,4,go,win,1,0.461060616621,9,1,37
43,control,8,exp,1,57,5966.23428175,3,nogo,win,0,-1,0,0,37
43,control,8,exp,1,58,5971.49563798,4,go,win,1,0.491124111826,9,1,46
43,control,8,exp,1,59,5977.2380538,2,nogo,avoid,0,-1,-10,0,36
43,control,8,exp,1,60,5982.75995108,1,go,avoid,1,0.471079657404,-11,0,25
43,control,8,exp,1,61,5987.99124145,2,nogo,avoid,0,-1,0,1,25
43,control,8,exp,1,62,5993.29269121,4,go,win,1,0.340975021591,-1,0,24
43,control,8,exp,1,63,5998.66427797,2,nogo,avoid,0,-1,-10,0,14
43,control,8,exp,1,64,6003.88554754,1,go,avoid,1,0.60136368339,-11,0,3
43,control,8,exp,1,65,6009.17697311,3,nogo,win,0,-1,10,1,13
43,control,8,exp,1,66,6014.40825861,4,go,win,1,0.451042520182,9,1,22
43,control,8,exp,1,67,6019.97026314,3,nogo,win,0,-1,10,1,32
43,control,8,exp,1,68,6025.45212282,2,nogo,avoid,1,0.461074727717,-1,0,31
43,control,8,exp,1,69,6030.7635595,4,go,win,1,0.240518728437,9,1,40
43,control,8,exp,1,70,6036.02491869,1,go,avoid,0,-1,-10,1,30
43,control,8,exp,1,71,6041.45664319,2,nogo,avoid,1,0.400958525132,-11,1,19
43,control,8,exp,1,72,6046.73804258,3,nogo,win,0,-1,10,1,29
43,control,8,exp,1,73,6052.34013169,4,go,win,1,0.431009960344,9,1,38
43,control,8,exp,1,74,6057.41108214,1,go,avoid,0,-1,0,0,38
43,control,8,exp,1,75,6062.99312391,4,go,win,1,0.441019277947,-1,0,37
43,control,8,exp,1,76,6068.45494395,4,go,win,1,0.481101747775,9,1,46
43,control,8,exp,1,77,6073.59601442,2,nogo,avoid,1,0.410949617404,-11,1,35
43,control,8,exp,1,78,6078.95758338,2,nogo,avoid,1,0.44103373791,-1,0,34
43,control,8,exp,1,79,6084.41936948,2,nogo,avoid,1,0.441010342724,-1,0,33
43,control,9,exp,9,0,6232.89978714,4,nogo,win,1,0.782318683325,-1,1,-1
43,control,9,exp,9,1,6238.02083846,4,nogo,win,1,0.430991810203,9,0,8
43,control,9,exp,9,2,6243.50266581,1,go,avoid,1,0.871942409336,-11,0,-3
43,control,9,exp,9,3,6248.95443585,2,go,win,1,0.501147146546,9,1,6
43,control,9,exp,9,4,6254.31600639,1,go,avoid,1,0.290691666703,-1,1,5
43,control,9,exp,9,5,6260.00828299,3,nogo,avoid,1,0.521186370961,-11,1,-6
43,control,9,exp,9,6,6265.4700745,1,go,avoid,1,0.350832777236,-11,0,-17
43,control,9,exp,9,7,6271.0721592,1,go,avoid,0,-1,-10,1,-27
43,control,9,exp,9,8,6276.28340787,1,go,avoid,0,-1,-10,1,-37
43,control,9,exp,9,9,6281.79529754,3,nogo,avoid,0,-1,0,1,-37
43,control,9,exp,9,10,6287.15687257,2,go,win,0,-1,0,1,-37
43,control,9,exp,9,11,6292.36811955,3,nogo,avoid,0,-1,0,1,-37
43,control,9,exp,9,12,6297.43906082,4,nogo,win,1,0.360838485862,-1,1,-38
43,control,9,exp,9,13,6302.82067828,2,go,win,0,-1,0,1,-38
43,control,9,exp,9,14,6308.0419457,2,go,win,0,-1,0,1,-38
43,control,9,exp,9,15,6313.3333654,4,nogo,win,1,0.711605176732,-1,1,-39
43,control,9,exp,9,16,6318.92542943,1,go,avoid,0,-1,0,0,-39
43,control,9,exp,9,17,6324.30704705,4,nogo,win,0,-1,10,1,-29
43,control,9,exp,9,18,6329.97929298,2,go,win,0,-1,0,1,-29
43,control,9,exp,9,19,6335.24064243,3,nogo,avoid,0,-1,0,1,-29
43,control,9,exp,9,20,6340.91287929,3,nogo,avoid,0,-1,0,1,-29
43,control,9,exp,9,21,6346.38469467,2,go,win,1,0.451242583769,-1,0,-30
43,control,9,exp,9,22,6351.90661108,3,nogo,avoid,1,0.360853454091,-11,1,-41
43,control,9,exp,9,23,6357.33834163,2,go,win,1,0.310740975197,9,1,-32
43,control,9,exp,9,24,6362.85022906,3,nogo,avoid,0,-1,0,1,-32
43,control,9,exp,9,25,6368.14165879,2,go,win,1,0.481109922106,9,1,-23
43,control,9,exp,9,26,6373.78381994,3,nogo,avoid,0,-1,0,1,-23
43,control,9,exp,9,27,6378.98505505,1,go,avoid,1,0.390906961456,-1,1,-24
43,control,9,exp,9,28,6384.17625469,1,go,avoid,0,-1,0,0,-24
43,control,9,exp,9,29,6389.60798177,2,go,win,1,0.55124570983,9,1,-15
43,control,9,exp,9,30,6394.96955091,1,go,avoid,1,0.591340991523,-11,0,-26
43,control,9,exp,9,31,6400.41128603,1,go,avoid,1,0.441015356193,-1,1,-27
43,control,9,exp,9,32,6405.97329832,2,go,win,1,0.390901551002,9,1,-18
43,control,9,exp,9,33,6411.37496235,3,nogo,avoid,1,0.581313620018,-11,1,-29
43,control,9,exp,9,34,6416.9770463,1,go,avoid,1,0.551247863184,-11,0,-40
43,control,9,exp,9,35,6422.14820973,1,go,avoid,0,-1,-10,1,-50
43,control,9,exp,9,36,6427.32939253,2,go,win,1,0.290689784018,9,1,-41
43,control,9,exp,9,37,6432.90141662,4,nogo,win,0,-1,0,0,-41
43,control,9,exp,9,38,6438.10264613,4,nogo,win,0,-1,10,1,-31
43,control,9,exp,9,39,6443.37402556,3,nogo,avoid,0,-1,0,1,-31
43,control,9,exp,9,40,6448.85586423,1,go,avoid,0,-1,-10,1,-41
43,control,9,exp,9,41,6454.58822181,1,go,avoid,0,-1,-10,1,-51
43,control,9,exp,9,42,6460.15023161,3,nogo,avoid,0,-1,-10,0,-61
43,control,9,exp,9,43,6465.53184523,3,nogo,avoid,0,-1,-10,0,-71
43,control,9,exp,9,44,6471.20408864,4,nogo,win,0,-1,0,0,-71
43,control,9,exp,9,45,6476.66588292,2,go,win,1,0.651482102057,9,1,-62
43,control,9,exp,9,46,6482.03747695,3,nogo,avoid,1,0.420987518099,-11,1,-73
43,control,9,exp,9,47,6487.61953286,3,nogo,avoid,1,0.57138707428,-1,0,-74
43,control,9,exp,9,48,6492.93098791,1,go,avoid,1,0.371547162873,-1,1,-75
43,control,9,exp,9,49,6498.45289664,4,nogo,win,1,0.390901487843,9,0,-66
43,control,9,exp,9,50,6503.80444901,4,nogo,win,1,0.341486233046,-1,1,-67
43,control,9,exp,9,51,6509.20610783,2,go,win,1,0.61123402534,9,1,-58
43,control,9,exp,9,52,6514.67791907,1,go,avoid,1,0.43099318462,-1,1,-59
43,control,9,exp,9,53,6519.83906028,4,nogo,win,1,0.691561973423,-1,1,-60
43,control,9,exp,9,54,6525.33091987,4,nogo,win,1,0.581315878635,9,0,-51
43,control,9,exp,9,55,6531.04326539,2,go,win,1,0.441020333572,9,1,-42
43,control,9,exp,9,56,6536.58520487,3,nogo,avoid,1,0.591341223098,-11,1,-53
43,control,9,exp,9,57,6542.11715376,1,go,avoid,1,0.370858528138,-11,0,-64
43,control,9,exp,9,58,6547.65910909,3,nogo,avoid,1,0.561272846751,-11,1,-75
43,control,9,exp,9,59,6553.3012868,4,nogo,win,1,0.611391325569,-1,1,-76
43,control,9,exp,9,60,6558.64281204,3,nogo,avoid,0,-1,0,1,-76
43,control,9,exp,9,61,6564.00438806,1,go,avoid,0,-1,-10,1,-86
43,control,9,exp,9,62,6569.34591872,2,go,win,1,0.461068357874,9,1,-77
43,control,9,exp,9,63,6574.70749514,4,nogo,win,0,-1,10,1,-67
43,control,9,exp,9,64,6580.29954611,4,nogo,win,0,-1,0,0,-67
43,control,9,exp,9,65,6585.7914148,3,nogo,avoid,0,-1,-10,0,-77
43,control,9,exp,9,66,6591.42356528,4,nogo,win,0,-1,0,0,-77
43,control,9,exp,9,67,6596.86530853,4,nogo,win,0,-1,0,0,-77
43,control,9,exp,9,68,6602.30706457,1,go,avoid,0,-1,-10,1,-87
43,control,9,exp,9,69,6607.61852448,3,nogo,avoid,0,-1,0,1,-87
43,control,9,exp,9,70,6612.86985815,3,nogo,avoid,0,-1,-10,0,-97
43,control,9,exp,9,71,6618.30158072,4,nogo,win,0,-1,10,1,-87
43,control,9,exp,9,72,6623.69321826,2,go,win,1,0.471083774646,-1,0,-88
43,control,9,exp,9,73,6628.98467301,2,go,win,1,0.431003569449,9,1,-79
43,control,9,exp,9,74,6634.24598798,2,go,win,1,0.501138878983,-1,0,-80
43,control,9,exp,9,75,6639.43719738,4,nogo,win,0,-1,0,0,-80
43,control,9,exp,9,76,6644.86892022,4,nogo,win,0,-1,0,0,-80
43,control,9,exp,9,77,6650.55118857,2,go,win,1,0.481104896608,9,1,-71
43,control,9,exp,9,78,6655.99293488,1,go,avoid,0,-1,-10,1,-81
43,control,9,exp,9,79,6661.68521929,2,go,win,1,0.31074320374,-1,0,-82
