# {'date': u'2017_mai_23_1051', 'frameRate': 99.783196375009354, 'expName': 'pavlovian', u'participant': u'23'}
subj,condition,session_index,induction,cardset,trial,time,cardnumber,trial_type,reward_type,response,RT,RT_in_frames,reward,won_if_correct,reward_sum
23,control,1,induction,6,0,77.5999955906,2,go,avoid,1,0.721629922106,-1,1,-1
23,control,1,induction,6,1,83.0618659464,4,nogo,avoid,1,0.491143237193,-11,1,-12
23,control,1,induction,6,2,88.3533068661,3,nogo,win,1,0.631432745724,-1,1,-13
23,control,1,induction,6,3,93.9754855708,1,go,win,1,0.471087624113,-1,0,-14
23,control,1,induction,6,4,99.4072578666,3,nogo,win,1,0.360848314293,-1,1,-15
23,control,1,induction,6,5,104.889134061,3,nogo,win,0,-1,0,0,-15
23,control,1,induction,6,6,110.320902333,2,go,avoid,0,-1,0,0,-15
23,control,1,induction,6,7,115.712583634,2,go,avoid,0,-1,-10,1,-25
23,control,1,induction,6,8,121.064181273,4,nogo,avoid,0,-1,0,1,-25
23,control,1,induction,6,9,126.355652815,1,go,win,0,-1,0,1,-25
23,control,1,induction,6,10,131.737312204,3,nogo,win,0,-1,10,1,-15
23,control,1,induction,6,11,137.008732151,4,nogo,avoid,0,-1,0,1,-15
23,control,1,induction,6,12,142.059686718,4,nogo,avoid,0,-1,0,1,-15
23,control,1,induction,6,13,147.441340468,2,go,avoid,0,-1,-10,1,-25
23,control,1,induction,6,14,152.582482178,4,nogo,avoid,0,-1,0,1,-25
23,control,1,induction,6,15,157.793779042,3,nogo,win,0,-1,10,1,-15
23,control,1,induction,6,16,163.245593254,4,nogo,avoid,1,0.360852849612,-1,0,-16
23,control,1,induction,6,17,168.547088693,1,go,win,1,0.541307902866,9,1,-7
23,control,1,induction,6,18,173.968862704,3,nogo,win,1,0.521183261511,-1,1,-8
23,control,1,induction,6,19,179.510855501,1,go,win,1,0.410968339556,9,1,1
23,control,1,induction,6,20,184.79228982,2,go,avoid,0,-1,0,0,1
23,control,1,induction,6,21,190.384416984,4,nogo,avoid,0,-1,0,1,1
23,control,1,induction,6,22,195.545587868,2,go,avoid,0,-1,0,0,1
23,control,1,induction,6,23,201.037497069,3,nogo,win,1,0.712206684397,-1,1,0
23,control,1,induction,6,24,206.318946164,1,go,win,1,0.370866457717,9,1,9
23,control,1,induction,6,25,211.660525891,2,go,avoid,0,-1,-10,1,-1
23,control,1,induction,6,26,216.911903407,2,go,avoid,1,0.56128117645,-11,0,-12
23,control,1,induction,6,27,222.4539443,4,nogo,avoid,1,0.57130744014,-11,1,-23
23,control,1,induction,6,28,227.815537673,2,go,avoid,0,-1,-10,1,-33
23,control,1,induction,6,29,233.437725556,2,go,avoid,0,-1,0,0,-33
23,control,1,induction,6,30,238.769277907,1,go,win,1,0.50114754609,9,1,-24
23,control,1,induction,6,31,244.231114525,2,go,avoid,0,-1,-10,1,-34
23,control,1,induction,6,32,249.672911213,1,go,win,1,0.340795413983,-1,0,-35
23,control,1,induction,6,33,254.984452708,4,nogo,avoid,1,0.731648179814,-11,1,-46
23,control,1,induction,6,34,260.666743437,2,go,avoid,1,0.922060357206,-1,1,-47
23,control,1,induction,6,35,266.198728091,3,nogo,win,1,0.551256314258,-1,1,-48
23,control,1,induction,6,36,271.57037419,2,go,avoid,0,-1,-10,1,-58
23,control,1,induction,6,37,277.102379379,4,nogo,avoid,0,-1,0,1,-58
23,control,1,induction,6,38,282.474006628,2,go,avoid,0,-1,-10,1,-68
23,control,1,induction,6,39,287.995976404,1,go,win,1,0.451032191484,9,1,-59
23,control,1,induction,6,40,293.157160987,1,go,win,1,0.400927754124,-1,0,-60
23,control,1,induction,6,41,298.348419901,1,go,win,1,0.340884063226,9,1,-51
23,control,1,induction,6,42,303.830304186,1,go,win,1,0.310731007815,-1,0,-52
23,control,1,induction,6,43,309.171871618,3,nogo,win,1,0.641446801947,9,0,-43
23,control,1,induction,6,44,314.413241393,2,go,avoid,0,-1,-10,1,-53
23,control,1,induction,6,45,319.794898355,4,nogo,avoid,0,-1,0,1,-53
23,control,1,induction,6,46,325.407063855,1,go,win,1,0.370862779537,9,1,-44
23,control,1,induction,6,47,330.838842993,1,go,win,1,0.431002467014,-1,0,-45
23,control,1,induction,6,48,336.340761152,3,nogo,win,1,0.441020772843,-1,1,-46
23,control,1,induction,6,49,341.401732016,1,go,win,1,0.390917258787,9,1,-37
23,control,1,induction,6,50,347.104092752,4,nogo,avoid,0,-1,0,1,-37
23,control,1,induction,6,51,352.375530518,3,nogo,win,1,0.861923602047,-1,1,-38
23,control,1,induction,6,52,357.927553645,3,nogo,win,1,0.330787550215,-1,1,-39
23,control,1,induction,6,53,363.36934895,2,go,avoid,0,-1,-10,1,-49
23,control,1,induction,6,54,368.901339636,4,nogo,avoid,0,-1,0,1,-49
23,control,1,induction,6,55,374.112632004,4,nogo,avoid,0,-1,0,1,-49
23,control,1,induction,6,56,379.454216714,1,go,win,1,0.270639174053,9,1,-40
23,control,1,induction,6,57,384.755711389,1,go,win,1,0.320758883528,-1,0,-41
23,control,1,induction,6,58,390.097282569,3,nogo,win,1,0.511166657931,9,0,-32
23,control,1,induction,6,59,395.498990711,4,nogo,avoid,0,-1,-10,0,-42
23,control,1,induction,6,60,400.980875477,3,nogo,win,1,0.471089209069,-1,1,-43
23,control,1,induction,6,61,406.252298934,4,nogo,avoid,0,-1,0,1,-43
23,control,1,induction,6,62,411.964685047,2,go,avoid,0,-1,-10,1,-53
23,control,1,induction,6,63,417.286219966,1,go,win,1,0.350821635568,-1,0,-54
23,control,1,induction,6,64,422.58771013,3,nogo,win,1,0.441021939756,-1,1,-55
23,control,1,induction,6,65,428.079611924,2,go,avoid,1,0.661492577476,-1,1,-56
23,control,1,induction,6,66,433.391128676,3,nogo,win,1,0.511177003751,-1,1,-57
23,control,1,induction,6,67,438.552315746,2,go,avoid,0,-1,-10,1,-67
23,control,1,induction,6,68,444.144447338,4,nogo,avoid,0,-1,0,1,-67
23,control,1,induction,6,69,449.666392477,1,go,win,1,0.32075715722,9,1,-58
23,control,1,induction,6,70,455.308638115,4,nogo,avoid,0,-1,-10,0,-68
23,control,1,induction,6,71,460.970909691,3,nogo,win,1,0.38088592745,-1,1,-69
23,control,1,induction,6,72,466.222292888,2,go,avoid,1,0.731652618893,-11,0,-80
23,control,1,induction,6,73,471.563878714,3,nogo,win,1,0.28065882123,-1,1,-81
23,control,1,induction,6,74,476.965582642,1,go,win,1,0.461061601024,9,1,-72
23,control,1,induction,6,75,482.457487928,3,nogo,win,1,0.430994346748,9,0,-63
23,control,1,induction,6,76,488.139800801,4,nogo,avoid,0,-1,0,1,-63
23,control,1,induction,6,77,493.6617748,1,go,win,1,0.350819662644,9,1,-54
23,control,1,induction,6,78,498.983312571,3,nogo,win,1,0.851918255561,-1,1,-55
23,control,1,induction,6,79,504.485237229,4,nogo,avoid,0,-1,-10,0,-65
23,control,2,exp,3,0,728.651046962,1,nogo,win,1,0.661494724834,-1,1,-1
23,control,2,exp,3,1,733.822283508,3,go,avoid,1,0.521192184781,-1,1,-2
23,control,2,exp,3,2,739.364268145,3,go,avoid,1,0.400933290942,-11,0,-13
23,control,2,exp,3,3,744.936349381,4,go,win,1,0.280660156562,9,1,-4
23,control,2,exp,3,4,750.588588035,4,go,win,1,0.270668876181,9,1,5
23,control,2,exp,3,5,755.930149142,1,nogo,win,1,0.260624513321,-1,1,4
23,control,2,exp,3,6,761.402029575,3,go,avoid,0,-1,-10,1,-6
23,control,2,exp,3,7,766.863868229,4,go,win,1,0.441018947287,9,1,3
23,control,2,exp,3,8,772.355776303,2,nogo,avoid,1,0.230562531203,-11,1,-8
23,control,2,exp,3,9,777.677313225,1,nogo,win,1,0.410957960653,-1,1,-9
23,control,2,exp,3,10,782.928706007,3,go,avoid,0,-1,-10,1,-19
23,control,2,exp,3,11,788.510787302,4,go,win,1,0.360840109817,9,1,-10
23,control,2,exp,3,12,793.621867084,3,go,avoid,1,0.240585089645,-1,1,-11
23,control,2,exp,3,13,798.843182434,1,nogo,win,1,0.400929684943,-1,1,-12
23,control,2,exp,3,14,804.385195926,2,nogo,avoid,0,-1,-10,0,-22
23,control,2,exp,3,15,809.766859986,4,go,win,1,0.300897501192,-1,0,-23
23,control,2,exp,3,16,815.048308151,1,nogo,win,1,0.521211318534,-1,1,-24
23,control,2,exp,3,17,820.670522979,1,nogo,win,1,0.601370580148,9,0,-15
23,control,2,exp,3,18,826.242569662,1,nogo,win,1,0.350820062642,9,0,-6
23,control,2,exp,3,19,831.744497809,3,go,avoid,1,0.591341621733,-1,1,-7
23,control,2,exp,3,20,837.486945886,3,go,avoid,1,0.400931251853,-1,1,-8
23,control,2,exp,3,21,842.608044701,4,go,win,1,0.370871341906,9,1,1
23,control,2,exp,3,22,847.869448863,4,go,win,1,0.471074264772,9,1,10
23,control,2,exp,3,23,853.29120716,1,nogo,win,1,0.300711435826,-1,1,9
23,control,2,exp,3,24,858.943456279,4,go,win,1,0.280740577269,9,1,18
23,control,2,exp,3,25,864.445380587,4,go,win,1,0.320778874419,9,1,27
23,control,2,exp,3,26,869.736845894,4,go,win,1,0.430994942235,9,1,36
23,control,2,exp,3,27,874.948146358,1,nogo,win,1,0.56127571482,-1,1,35
23,control,2,exp,3,28,880.540268332,1,nogo,win,1,0.511165436883,9,0,44
23,control,2,exp,3,29,885.90189557,3,go,avoid,1,0.561957191591,-11,0,33
23,control,2,exp,3,30,891.494011242,4,go,win,1,0.420978452939,9,1,42
23,control,2,exp,3,31,897.116192013,1,nogo,win,1,0.430995910651,-1,1,41
23,control,2,exp,3,32,902.417695768,1,nogo,win,1,0.451033746364,9,0,50
23,control,2,exp,3,33,907.849457835,3,go,avoid,1,0.461063820564,-1,1,49
23,control,2,exp,3,34,913.301278472,2,nogo,avoid,1,0.430995823434,-11,1,38
23,control,2,exp,3,35,918.682947557,1,nogo,win,1,0.350815028077,-1,1,37
23,control,2,exp,3,36,924.014503862,2,nogo,avoid,0,-1,-10,0,27
23,control,2,exp,3,37,929.295946154,1,nogo,win,1,0.541238363315,-1,1,26
23,control,2,exp,3,38,934.717701982,3,go,avoid,1,0.461061772452,-1,1,25
23,control,2,exp,3,39,940.279757931,3,go,avoid,1,0.49112865079,-1,1,24
23,control,2,exp,3,40,945.330706748,4,go,win,1,0.380891289833,9,1,33
23,control,2,exp,3,41,950.812586642,2,nogo,avoid,0,-1,0,1,33
23,control,2,exp,3,42,956.214296194,2,nogo,avoid,1,0.801796573162,-11,1,22
23,control,2,exp,3,43,961.686159106,3,go,avoid,1,0.591354147995,-11,0,11
23,control,2,exp,3,44,966.877407487,3,go,avoid,1,0.551267754811,-1,1,10
23,control,2,exp,3,45,972.389356188,3,go,avoid,1,0.501139867928,-11,0,-1
23,control,2,exp,3,46,977.881269786,1,nogo,win,1,0.40092982028,9,0,8
23,control,2,exp,3,47,983.272944606,1,nogo,win,1,0.541234600925,-1,1,7
23,control,2,exp,3,48,988.654618554,1,nogo,win,1,0.421050449622,9,0,16
23,control,2,exp,3,49,993.966126624,2,nogo,avoid,0,-1,0,1,16
23,control,2,exp,3,50,999.387879552,4,go,win,1,0.300708593733,9,1,25
23,control,2,exp,3,51,1004.8797864,1,nogo,win,1,0.350834396416,-1,1,24
23,control,2,exp,3,52,1010.59216466,2,nogo,avoid,0,-1,-10,0,14
23,control,2,exp,3,53,1016.00390039,4,go,win,1,0.420970937182,9,1,23
23,control,2,exp,3,54,1021.42565406,3,go,avoid,1,0.59132831352,-1,1,22
23,control,2,exp,3,55,1026.79728342,2,nogo,avoid,0,-1,-10,0,12
23,control,2,exp,3,56,1032.26915292,2,nogo,avoid,1,0.632107467637,-11,1,1
23,control,2,exp,3,57,1037.96149611,2,nogo,avoid,1,0.360841460187,-11,1,-10
23,control,2,exp,3,58,1043.49349178,4,go,win,1,0.390916678339,9,1,-1
23,control,2,exp,3,59,1049.01546123,3,go,avoid,1,0.631424941246,-1,1,-2
23,control,2,exp,3,60,1054.53742649,1,nogo,win,1,0.501143648363,-1,1,-3
23,control,2,exp,3,61,1060.09947766,2,nogo,avoid,0,-1,-10,0,-13
23,control,2,exp,3,62,1065.65151821,3,go,avoid,1,0.40094123978,-11,0,-24
23,control,2,exp,3,63,1071.0532209,2,nogo,avoid,0,-1,0,1,-24
23,control,2,exp,3,64,1076.56517769,2,nogo,avoid,0,-1,0,1,-24
23,control,2,exp,3,65,1081.87669013,4,go,win,1,0.721637522072,9,1,-15
23,control,2,exp,3,66,1087.07796841,3,go,avoid,0,-1,-10,1,-25
23,control,2,exp,3,67,1092.3694546,4,go,win,1,0.531219071025,9,1,-16
23,control,2,exp,3,68,1097.73104842,2,nogo,avoid,0,-1,-10,0,-26
23,control,2,exp,3,69,1103.3933322,4,go,win,1,0.49180332759,9,1,-17
23,control,2,exp,3,70,1108.47435779,4,go,win,1,0.380881046268,9,1,-8
23,control,2,exp,3,71,1113.83597533,2,nogo,avoid,0,-1,0,1,-8
23,control,2,exp,3,72,1119.48821568,1,nogo,win,1,0.400930181181,-1,1,-9
23,control,2,exp,3,73,1124.98012065,3,go,avoid,1,0.561279206534,-1,1,-10
23,control,2,exp,3,74,1130.59228579,3,go,avoid,1,0.571299900323,-11,0,-21
23,control,2,exp,3,75,1135.8837573,2,nogo,avoid,0,-1,0,1,-21
23,control,2,exp,3,76,1141.40572639,2,nogo,avoid,0,-1,0,1,-21
23,control,2,exp,3,77,1146.89763359,2,nogo,avoid,0,-1,0,1,-21
23,control,2,exp,3,78,1152.35946935,4,go,win,1,0.50115686635,9,1,-12
23,control,2,exp,3,79,1157.84134941,2,nogo,avoid,0,-1,0,1,-12
23,control,3,exp,4,0,1354.16682447,3,go,avoid,1,0.781753299879,-1,1,-1
23,control,3,exp,4,1,1359.66874765,1,nogo,win,1,0.561284108769,-1,1,-2
23,control,3,exp,4,2,1364.7497592,3,go,avoid,0,-1,-10,1,-12
23,control,3,exp,4,3,1370.31182256,1,nogo,win,0,-1,10,1,-2
23,control,3,exp,4,4,1375.74358523,1,nogo,win,0,-1,10,1,8
23,control,3,exp,4,5,1381.43595402,2,go,win,1,0.591349378091,9,1,17
23,control,3,exp,4,6,1386.88773045,2,go,win,0,-1,10,0,27
23,control,3,exp,4,7,1392.55000616,1,nogo,win,0,-1,10,1,37
23,control,3,exp,4,8,1397.76130391,4,nogo,avoid,1,0.300706452389,-11,1,26
23,control,3,exp,4,9,1403.14297133,1,nogo,win,0,-1,10,1,36
23,control,3,exp,4,10,1408.55469504,2,go,win,0,-1,0,1,36
23,control,3,exp,4,11,1414.24703708,3,go,avoid,1,0.64144873878,-1,1,35
23,control,3,exp,4,12,1419.71889491,2,go,win,0,-1,0,1,35
23,control,3,exp,4,13,1425.35110406,3,go,avoid,1,0.430994752761,-11,0,24
23,control,3,exp,4,14,1430.73276222,4,nogo,avoid,0,-1,0,1,24
23,control,3,exp,4,15,1436.04428038,1,nogo,win,0,-1,10,1,34
23,control,3,exp,4,16,1441.27561336,4,nogo,avoid,0,-1,0,1,34
23,control,3,exp,4,17,1446.88778652,1,nogo,win,0,-1,0,0,34
23,control,3,exp,4,18,1452.18926913,4,nogo,avoid,0,-1,0,1,34
23,control,3,exp,4,19,1457.80143697,1,nogo,win,0,-1,10,1,44
23,control,3,exp,4,20,1463.13299074,1,nogo,win,0,-1,10,1,54
23,control,3,exp,4,21,1468.54472679,4,nogo,avoid,0,-1,0,1,54
23,control,3,exp,4,22,1473.88630251,1,nogo,win,0,-1,0,0,54
23,control,3,exp,4,23,1479.3180772,4,nogo,avoid,1,0.561286238083,-1,0,53
23,control,3,exp,4,24,1484.98034769,4,nogo,avoid,0,-1,0,1,53
23,control,3,exp,4,25,1490.2217076,1,nogo,win,0,-1,10,1,63
23,control,3,exp,4,26,1495.69356712,4,nogo,avoid,0,-1,-10,0,53
23,control,3,exp,4,27,1501.01510475,3,go,avoid,1,0.661493533863,-1,1,52
23,control,3,exp,4,28,1506.40678879,3,go,avoid,0,-1,-10,1,42
23,control,3,exp,4,29,1511.75838917,3,go,avoid,1,0.390902744563,-11,0,31
23,control,3,exp,4,30,1517.36053796,2,go,win,1,0.581320055768,9,1,40
23,control,3,exp,4,31,1522.62193698,1,nogo,win,0,-1,10,1,50
23,control,3,exp,4,32,1528.19401878,4,nogo,avoid,0,-1,0,1,50
23,control,3,exp,4,33,1533.78613457,3,go,avoid,1,0.651480746807,-1,1,49
23,control,3,exp,4,34,1539.3481919,4,nogo,avoid,1,0.511169454911,-11,1,38
23,control,3,exp,4,35,1545.04052553,2,go,win,1,0.601361720035,9,1,47
23,control,3,exp,4,36,1550.53242908,2,go,win,0,-1,10,0,57
23,control,3,exp,4,37,1555.91410274,3,go,avoid,1,0.0903652207726,-1,1,56
23,control,3,exp,4,38,1561.33585338,3,go,avoid,1,0.49112608238,-1,1,55
23,control,3,exp,4,39,1566.5271071,1,nogo,win,0,-1,10,1,65
23,control,3,exp,4,40,1572.08914858,3,go,avoid,1,0.420972164245,-1,1,64
23,control,3,exp,4,41,1577.61112836,4,nogo,avoid,0,-1,0,1,64
23,control,3,exp,4,42,1583.18320393,4,nogo,avoid,0,-1,0,1,64
23,control,3,exp,4,43,1588.50474194,4,nogo,avoid,0,-1,-10,0,54
23,control,3,exp,4,44,1594.00666762,1,nogo,win,0,-1,0,0,54
23,control,3,exp,4,45,1599.23800069,2,go,win,1,0.541234227995,9,1,63
23,control,3,exp,4,46,1604.76999323,2,go,win,1,0.671525211063,-1,0,62
23,control,3,exp,4,47,1610.11157103,2,go,win,1,0.601364153108,9,1,71
23,control,3,exp,4,48,1615.19259062,4,nogo,avoid,0,-1,0,1,71
23,control,3,exp,4,49,1620.65442544,4,nogo,avoid,0,-1,0,1,71
23,control,3,exp,4,50,1625.98598456,4,nogo,avoid,0,-1,-10,0,61
23,control,3,exp,4,51,1631.57813247,1,nogo,win,0,-1,10,1,71
23,control,3,exp,4,52,1636.72926629,2,go,win,1,0.39150318409,9,1,80
23,control,3,exp,4,53,1641.8704165,1,nogo,win,0,-1,10,1,90
23,control,3,exp,4,54,1647.51264844,2,go,win,1,0.491131637243,9,1,99
23,control,3,exp,4,55,1652.94444933,3,go,avoid,1,0.441062420784,-1,1,98
23,control,3,exp,4,56,1658.07553706,3,go,avoid,1,0.380888252253,-1,1,97
23,control,3,exp,4,57,1663.69772578,2,go,win,1,0.321339518628,9,1,106
23,control,3,exp,4,58,1669.31991362,3,go,avoid,1,0.340806647018,-1,1,105
23,control,3,exp,4,59,1674.95212334,2,go,win,1,0.310741416793,9,1,114
23,control,3,exp,4,60,1680.34381347,2,go,win,1,0.531208225959,9,1,123
23,control,3,exp,4,61,1685.81566811,3,go,avoid,1,0.461060951403,-1,1,122
23,control,3,exp,4,62,1691.27750752,1,nogo,win,0,-1,10,1,132
23,control,3,exp,4,63,1696.89970437,1,nogo,win,0,-1,10,1,142
23,control,3,exp,4,64,1702.16109959,4,nogo,avoid,1,0.641448179385,-11,1,131
23,control,3,exp,4,65,1707.62293719,2,go,win,1,0.370867447185,-1,0,130
23,control,3,exp,4,66,1713.29523418,4,nogo,avoid,1,0.461058076227,-11,1,119
23,control,3,exp,4,67,1718.576682,1,nogo,win,0,-1,10,1,129
23,control,3,exp,4,68,1724.11869515,3,go,avoid,1,0.340804397403,-11,0,118
23,control,3,exp,4,69,1729.28990185,2,go,win,1,0.511166342142,9,1,127
23,control,3,exp,4,70,1734.59139353,4,nogo,avoid,0,-1,0,1,127
23,control,3,exp,4,71,1740.20355553,1,nogo,win,0,-1,10,1,137
23,control,3,exp,4,72,1745.54513458,2,go,win,1,0.420965159763,-1,0,136
23,control,3,exp,4,73,1750.72636317,2,go,win,1,0.481101358533,9,1,145
23,control,3,exp,4,74,1756.08798943,3,go,avoid,1,0.541869545566,-1,1,144
23,control,3,exp,4,75,1761.29928794,3,go,avoid,1,0.702208664195,-11,0,133
23,control,3,exp,4,76,1766.77114611,4,nogo,avoid,0,-1,-10,0,123
23,control,3,exp,4,77,1772.27307904,3,go,avoid,1,0.501404958518,-11,0,112
23,control,3,exp,4,78,1777.69482709,2,go,win,1,0.521198629866,9,1,121
23,control,3,exp,4,79,1783.0163576,3,go,avoid,1,0.601368210233,-11,0,110
23,control,4,induction,5,0,1938.1726287,4,go,win,1,0.612001075828,9,1,9
23,control,4,induction,5,1,1943.61439509,3,go,avoid,1,0.481178389781,-11,0,-2
23,control,4,induction,5,2,1948.84573086,2,nogo,avoid,1,0.671527574962,-1,0,-3
23,control,4,induction,5,3,1954.03697784,2,nogo,avoid,0,-1,0,1,-3
23,control,4,induction,5,4,1959.3084049,4,go,win,1,0.360840221095,-1,0,-4
23,control,4,induction,5,5,1964.56983035,2,nogo,avoid,0,-1,0,1,-4
23,control,4,induction,5,6,1970.24209974,4,go,win,0,-1,0,1,-4
23,control,4,induction,5,7,1975.64380687,2,nogo,avoid,0,-1,0,1,-4
23,control,4,induction,5,8,1980.83506016,4,go,win,0,-1,10,0,6
23,control,4,induction,5,9,1986.18665338,2,nogo,avoid,0,-1,0,1,6
23,control,4,induction,5,10,1991.82886069,3,go,avoid,0,-1,0,0,6
23,control,4,induction,5,11,1997.04017513,2,nogo,avoid,0,-1,-10,0,-4
23,control,4,induction,5,12,2002.67238668,1,nogo,win,0,-1,10,1,6
23,control,4,induction,5,13,2008.14424603,1,nogo,win,1,0.681540013147,-1,1,5
23,control,4,induction,5,14,2013.22525598,1,nogo,win,0,-1,10,1,15
23,control,4,induction,5,15,2018.66704975,1,nogo,win,0,-1,10,1,25
23,control,4,induction,5,16,2024.03869126,2,nogo,avoid,0,-1,-10,0,15
23,control,4,induction,5,17,2029.59072229,3,go,avoid,0,-1,-10,1,5
23,control,4,induction,5,18,2034.99243313,1,nogo,win,0,-1,10,1,15
23,control,4,induction,5,19,2040.29391915,3,go,avoid,1,0.350817518291,-1,1,14
23,control,4,induction,5,20,2045.77579784,4,go,win,1,0.641453631993,9,1,23
23,control,4,induction,5,21,2051.20757613,3,go,avoid,1,0.371542069851,-1,1,22
23,control,4,induction,5,22,2056.69947702,4,go,win,1,0.400934379659,-1,0,21
23,control,4,induction,5,23,2062.37177351,3,go,avoid,1,0.771733363981,-11,0,10
23,control,4,induction,5,24,2067.91378513,1,nogo,win,0,-1,10,1,20
23,control,4,induction,5,25,2073.62616497,4,go,win,1,0.601370835786,9,1,29
23,control,4,induction,5,26,2078.67711355,4,go,win,1,0.711604960666,9,1,38
23,control,4,induction,5,27,2084.03873096,4,go,win,1,0.380893870273,9,1,47
23,control,4,induction,5,28,2089.54065812,3,go,avoid,1,0.350882952597,-1,1,46
23,control,4,induction,5,29,2094.94236587,2,nogo,avoid,0,-1,0,1,46
23,control,4,induction,5,30,2100.32403626,2,nogo,avoid,0,-1,0,1,46
23,control,4,induction,5,31,2105.80591141,2,nogo,avoid,0,-1,0,1,46
23,control,4,induction,5,32,2111.13746701,3,go,avoid,1,0.942103407934,-1,1,45
23,control,4,induction,5,33,2116.66946319,1,nogo,win,0,-1,0,0,45
23,control,4,induction,5,34,2121.84067453,4,go,win,1,0.741689496071,-1,0,44
23,control,4,induction,5,35,2127.35261415,1,nogo,win,0,-1,0,0,44
23,control,4,induction,5,36,2132.95475859,1,nogo,win,0,-1,10,1,54
23,control,4,induction,5,37,2138.44666169,1,nogo,win,0,-1,0,0,54
23,control,4,induction,5,38,2143.73812779,2,nogo,avoid,0,-1,0,1,54
23,control,4,induction,5,39,2149.26010659,4,go,win,1,0.771728085809,-1,0,53
23,control,4,induction,5,40,2154.48141761,2,nogo,avoid,1,0.741674190874,-11,1,42
23,control,4,induction,5,41,2159.87310996,1,nogo,win,0,-1,0,0,42
23,control,4,induction,5,42,2165.34496872,3,go,avoid,1,0.451036432067,-11,0,31
23,control,4,induction,5,43,2170.58632908,3,go,avoid,0,-1,-10,1,21
23,control,4,induction,5,44,2175.9379174,4,go,win,1,0.501142319045,9,1,30
23,control,4,induction,5,45,2181.56010595,2,nogo,avoid,0,-1,-10,0,20
23,control,4,induction,5,46,2186.81149123,3,go,avoid,1,0.471088198547,-1,1,19
23,control,4,induction,5,47,2192.09293362,3,go,avoid,0,-1,-10,1,9
23,control,4,induction,5,48,2197.66500858,3,go,avoid,1,0.340817404866,-1,1,8
23,control,4,induction,5,49,2202.88632758,4,go,win,1,0.270643306366,9,1,17
23,control,4,induction,5,50,2208.03749077,2,nogo,avoid,0,-1,0,1,17
23,control,4,induction,5,51,2213.57952256,3,go,avoid,1,0.541905316841,-1,1,16
23,control,4,induction,5,52,2218.77076251,3,go,avoid,0,-1,0,0,16
23,control,4,induction,5,53,2224.11234018,4,go,win,0,-1,10,0,26
23,control,4,induction,5,54,2229.70446222,3,go,avoid,0,-1,-10,1,16
23,control,4,induction,5,55,2235.32665206,2,nogo,avoid,0,-1,-10,0,6
23,control,4,induction,5,56,2240.62813629,1,nogo,win,0,-1,10,1,16
23,control,4,induction,5,57,2245.99978214,2,nogo,avoid,0,-1,0,1,16
23,control,4,induction,5,58,2251.44161674,1,nogo,win,0,-1,10,1,26
23,control,4,induction,5,59,2256.71300568,4,go,win,0,-1,0,1,26
23,control,4,induction,5,60,2262.33518801,4,go,win,1,0.591327483447,9,1,35
23,control,4,induction,5,61,2267.77698182,1,nogo,win,0,-1,10,1,45
23,control,4,induction,5,62,2273.20875531,1,nogo,win,0,-1,10,1,55
23,control,4,induction,5,63,2278.62048897,4,go,win,1,0.631432974295,-1,0,54
23,control,4,induction,5,64,2283.83178796,1,nogo,win,0,-1,10,1,64
23,control,4,induction,5,65,2289.47401292,3,go,avoid,0,-1,-10,1,54
23,control,4,induction,5,66,2295.09618837,3,go,avoid,1,0.340810710159,-11,0,43
23,control,4,induction,5,67,2300.57807763,1,nogo,win,0,-1,0,0,43
23,control,4,induction,5,68,2305.81944417,2,nogo,avoid,0,-1,0,1,43
23,control,4,induction,5,69,2311.19108564,2,nogo,avoid,0,-1,-10,0,33
23,control,4,induction,5,70,2316.68298761,4,go,win,0,-1,0,1,33
23,control,4,induction,5,71,2322.30518601,3,go,avoid,1,0.881977678291,-1,1,32
23,control,4,induction,5,72,2327.42627859,1,nogo,win,0,-1,0,0,32
23,control,4,induction,5,73,2332.94824103,1,nogo,win,0,-1,0,0,32
23,control,4,induction,5,74,2338.53034611,2,nogo,avoid,0,-1,0,1,32
23,control,4,induction,5,75,2343.63140453,2,nogo,avoid,0,-1,-10,0,22
23,control,4,induction,5,76,2349.29367417,4,go,win,1,0.531203227483,-1,0,21
23,control,4,induction,5,77,2354.32458678,1,nogo,win,0,-1,10,1,31
23,control,4,induction,5,78,2359.83652809,4,go,win,0,-1,0,1,31
23,control,4,induction,5,79,2365.26829949,3,go,avoid,0,-1,0,0,31
23,control,5,exp,2,0,2540.86883969,2,nogo,avoid,1,0.471091124849,-1,0,-1
23,control,5,exp,2,1,2546.48100117,4,go,avoid,1,0.481106477308,-1,1,-2
23,control,5,exp,2,2,2551.90275197,4,go,avoid,0,-1,-10,1,-12
23,control,5,exp,2,3,2557.16415164,4,go,avoid,1,0.350817370924,-1,1,-13
23,control,5,exp,2,4,2562.34538364,1,nogo,win,1,0.340794027523,9,0,-4
23,control,5,exp,2,5,2567.91745333,3,go,win,1,0.380886483839,9,1,5
23,control,5,exp,2,6,2573.09868228,1,nogo,win,0,-1,0,0,5
23,control,5,exp,2,7,2578.6006117,4,go,avoid,1,0.320753617386,-11,0,-6
23,control,5,exp,2,8,2584.13260609,2,nogo,avoid,1,0.912040710029,-1,0,-7
23,control,5,exp,2,9,2589.53430515,2,nogo,avoid,0,-1,0,1,-7
23,control,5,exp,2,10,2595.16651125,4,go,avoid,0,-1,0,0,-7
23,control,5,exp,2,11,2600.37780339,1,nogo,win,1,0.0702217494227,-1,1,-8
23,control,5,exp,2,12,2605.90979236,1,nogo,win,1,0.400933071393,-1,1,-9
23,control,5,exp,2,13,2611.0609562,3,go,win,0,-1,10,0,1
23,control,5,exp,2,14,2616.56288226,3,go,win,0,-1,10,0,11
23,control,5,exp,2,15,2622.25521643,4,go,avoid,1,0.801796669402,-1,1,10
23,control,5,exp,2,16,2627.77718452,4,go,avoid,0,-1,0,0,10
23,control,5,exp,2,17,2632.98848039,2,nogo,avoid,0,-1,0,1,10
23,control,5,exp,2,18,2638.56055544,3,go,win,0,-1,0,1,10
23,control,5,exp,2,19,2643.98231112,4,go,avoid,0,-1,0,0,10
23,control,5,exp,2,20,2649.07333945,2,nogo,avoid,0,-1,0,1,10
23,control,5,exp,2,21,2654.2545737,4,go,avoid,0,-1,-10,1,0
23,control,5,exp,2,22,2659.53602051,1,nogo,win,1,0.360840010569,-1,1,-1
23,control,5,exp,2,23,2665.11811858,1,nogo,win,1,0.521191420874,-1,1,-2
23,control,5,exp,2,24,2670.78038754,4,go,avoid,0,-1,-10,1,-12
23,control,5,exp,2,25,2676.19211987,2,nogo,avoid,1,0.591341862333,-1,0,-13
23,control,5,exp,2,26,2681.76419793,2,nogo,avoid,0,-1,-10,0,-23
23,control,5,exp,2,27,2687.00555483,3,go,win,0,-1,0,1,-23
23,control,5,exp,2,28,2692.13667821,1,nogo,win,1,0.420973424389,-1,1,-24
23,control,5,exp,2,29,2697.45821474,3,go,win,0,-1,0,1,-24
23,control,5,exp,2,30,2702.92005304,1,nogo,win,0,-1,10,1,-14
23,control,5,exp,2,31,2708.12131928,2,nogo,avoid,0,-1,0,1,-14
23,control,5,exp,2,32,2713.37270703,2,nogo,avoid,0,-1,0,1,-14
23,control,5,exp,2,33,2718.44370054,3,go,win,0,-1,0,1,-14
23,control,5,exp,2,34,2724.09594507,3,go,win,0,-1,0,1,-14
23,control,5,exp,2,35,2729.82837193,1,nogo,win,1,0.390912443771,-1,1,-15
23,control,5,exp,2,36,2735.0496933,1,nogo,win,1,0.33077479839,-1,1,-16
23,control,5,exp,2,37,2740.33113473,4,go,avoid,0,-1,0,0,-16
23,control,5,exp,2,38,2746.02347281,1,nogo,win,1,0.581331890303,-1,1,-17
23,control,5,exp,2,39,2751.28487263,2,nogo,avoid,0,-1,-10,0,-27
23,control,5,exp,2,40,2756.78679925,2,nogo,avoid,0,-1,0,1,-27
23,control,5,exp,2,41,2761.93796376,1,nogo,win,1,0.300713823785,-1,1,-28
23,control,5,exp,2,42,2767.51004103,3,go,win,0,-1,0,1,-28
23,control,5,exp,2,43,2772.90196317,1,nogo,win,1,0.581327135436,9,0,-19
23,control,5,exp,2,44,2778.27337251,4,go,avoid,1,0.861928811047,-11,0,-30
23,control,5,exp,2,45,2783.63499259,2,nogo,avoid,0,-1,0,1,-30
23,control,5,exp,2,46,2789.10685637,4,go,avoid,0,-1,-10,1,-40
23,control,5,exp,2,47,2794.40834271,3,go,win,0,-1,0,1,-40
23,control,5,exp,2,48,2799.72987646,3,go,win,0,-1,0,1,-40
23,control,5,exp,2,49,2805.17167446,3,go,win,0,-1,0,1,-40
23,control,5,exp,2,50,2810.5834018,2,nogo,avoid,0,-1,0,1,-40
23,control,5,exp,2,51,2815.97509434,1,nogo,win,1,0.52120581179,-1,1,-41
23,control,5,exp,2,52,2821.56720887,4,go,avoid,0,-1,0,0,-41
23,control,5,exp,2,53,2827.12925943,3,go,win,0,-1,10,0,-31
23,control,5,exp,2,54,2832.71135069,4,go,avoid,0,-1,-10,1,-41
23,control,5,exp,2,55,2837.93268406,2,nogo,avoid,0,-1,-10,0,-51
23,control,5,exp,2,56,2843.37447568,1,nogo,win,1,0.390910164081,9,0,-42
23,control,5,exp,2,57,2848.62585775,4,go,avoid,0,-1,-10,1,-52
23,control,5,exp,2,58,2854.20796251,2,nogo,avoid,0,-1,0,1,-52
23,control,5,exp,2,59,2859.44932339,1,nogo,win,1,0.350817109271,-1,1,-53
23,control,5,exp,2,60,2864.69068084,4,go,avoid,0,-1,-10,1,-63
23,control,5,exp,2,61,2870.43312485,2,nogo,avoid,0,-1,0,1,-63
23,control,5,exp,2,62,2876.13548963,3,go,win,0,-1,0,1,-63
23,control,5,exp,2,63,2881.40692333,1,nogo,win,0,-1,10,1,-53
23,control,5,exp,2,64,2886.86875472,3,go,win,1,0.682126470777,9,1,-44
23,control,5,exp,2,65,2892.34061829,4,go,avoid,0,-1,-10,1,-54
23,control,5,exp,2,66,2897.99285933,4,go,avoid,0,-1,-10,1,-64
23,control,5,exp,2,67,2903.29435124,2,nogo,avoid,0,-1,0,1,-64
23,control,5,exp,2,68,2908.79631272,3,go,win,1,0.461077895691,9,1,-55
23,control,5,exp,2,69,2914.44853212,3,go,win,0,-1,10,0,-45
23,control,5,exp,2,70,2919.52954586,3,go,win,1,0.36083940606,9,1,-36
23,control,5,exp,2,71,2924.78093543,2,nogo,avoid,0,-1,0,1,-36
23,control,5,exp,2,72,2930.29287732,2,nogo,avoid,0,-1,0,1,-36
23,control,5,exp,2,73,2935.89501494,3,go,win,1,0.360857667636,9,1,-27
23,control,5,exp,2,74,2941.38692082,1,nogo,win,1,0.481109493837,-1,1,-28
23,control,5,exp,2,75,2946.6884122,3,go,win,1,0.591345588633,9,1,-19
23,control,5,exp,2,76,2952.27050457,2,nogo,avoid,0,-1,0,1,-19
23,control,5,exp,2,77,2957.632179,1,nogo,win,1,0.380891840207,-1,1,-20
23,control,5,exp,2,78,2963.09397477,4,go,avoid,0,-1,0,0,-20
23,control,5,exp,2,79,2968.18501023,1,nogo,win,1,0.350817340849,-1,1,-21
23,control,6,exp,8,0,3139.13546799,4,go,avoid,1,0.430994307651,-1,1,-1
23,control,6,exp,8,1,3144.72757661,1,nogo,avoid,1,0.541230249065,-11,1,-12
23,control,6,exp,8,2,3149.97895948,2,go,win,1,0.400927432321,9,1,-3
23,control,6,exp,8,3,3155.51094121,4,go,avoid,0,-1,-10,1,-13
23,control,6,exp,8,4,3161.06297715,1,nogo,avoid,0,-1,-10,0,-23
23,control,6,exp,8,5,3166.25423187,3,nogo,win,0,-1,10,1,-13
23,control,6,exp,8,6,3171.96660639,3,nogo,win,0,-1,10,1,-3
23,control,6,exp,8,7,3177.05766911,3,nogo,win,0,-1,10,1,7
23,control,6,exp,8,8,3182.74997754,4,go,avoid,1,0.591343299921,-1,1,6
23,control,6,exp,8,9,3188.26192681,2,go,win,1,0.410991175548,9,1,15
23,control,6,exp,8,10,3193.59347838,3,nogo,win,0,-1,10,1,25
23,control,6,exp,8,11,3199.04528829,1,nogo,avoid,1,0.410949341142,-1,0,24
23,control,6,exp,8,12,3204.39689167,2,go,win,1,0.330776930711,-1,0,23
23,control,6,exp,8,13,3209.61821024,1,nogo,avoid,1,0.390905794175,-11,1,12
23,control,6,exp,8,14,3214.93973885,4,go,avoid,1,0.310732331118,-11,0,1
23,control,6,exp,8,15,3220.49176774,4,go,avoid,1,0.400933053349,-1,1,0
23,control,6,exp,8,16,3225.7331288,1,nogo,avoid,1,0.390916410671,-11,1,-11
23,control,6,exp,8,17,3231.13487074,1,nogo,avoid,0,-1,0,1,-11
23,control,6,exp,8,18,3236.72695918,2,go,win,1,0.401563080717,9,1,-2
23,control,6,exp,8,19,3241.84805863,4,go,avoid,0,-1,-10,1,-12
23,control,6,exp,8,20,3247.21970348,3,nogo,win,0,-1,0,0,-12
23,control,6,exp,8,21,3252.61139065,3,nogo,win,0,-1,0,0,-12
23,control,6,exp,8,22,3257.97300734,2,go,win,1,0.400908776761,-1,0,-13
23,control,6,exp,8,23,3263.61523614,1,nogo,avoid,1,0.751692992942,-11,1,-24
23,control,6,exp,8,24,3269.00691814,3,nogo,win,0,-1,10,1,-14
23,control,6,exp,8,25,3274.43869537,2,go,win,1,0.320754742193,9,1,-5
23,control,6,exp,8,26,3280.11098613,1,nogo,avoid,0,-1,0,1,-5
23,control,6,exp,8,27,3285.83338624,3,nogo,win,0,-1,0,0,-5
23,control,6,exp,8,28,3291.36538043,2,go,win,1,0.340794159853,-1,0,-6
23,control,6,exp,8,29,3296.76708321,4,go,avoid,0,-1,0,0,-6
23,control,6,exp,8,30,3302.25898753,1,nogo,avoid,0,-1,-10,0,-16
23,control,6,exp,8,31,3307.66069661,2,go,win,0,-1,0,1,-16
23,control,6,exp,8,32,3313.17264219,3,nogo,win,0,-1,0,0,-16
23,control,6,exp,8,33,3318.64450756,4,go,avoid,0,-1,-10,1,-26
23,control,6,exp,8,34,3323.94599377,2,go,win,1,0.390900431792,-1,0,-27
23,control,6,exp,8,35,3329.23745814,1,nogo,avoid,0,-1,-10,0,-37
23,control,6,exp,8,36,3334.54897395,2,go,win,1,0.310682003515,-1,0,-38
23,control,6,exp,8,37,3339.72018083,1,nogo,avoid,0,-1,-10,0,-48
23,control,6,exp,8,38,3345.00162797,3,nogo,win,0,-1,10,1,-38
23,control,6,exp,8,39,3350.31314112,2,go,win,1,0.410948965204,-1,0,-39
23,control,6,exp,8,40,3355.61465601,1,nogo,avoid,0,-1,-10,0,-49
23,control,6,exp,8,41,3360.90610224,3,nogo,win,0,-1,10,1,-39
23,control,6,exp,8,42,3366.61848427,2,go,win,1,0.551258990939,-1,0,-40
23,control,6,exp,8,43,3372.22061856,4,go,avoid,0,-1,0,0,-40
23,control,6,exp,8,44,3377.56219958,2,go,win,1,0.290682257863,-1,0,-41
23,control,6,exp,8,45,3382.72338527,4,go,avoid,0,-1,-10,1,-51
23,control,6,exp,8,46,3388.0749881,1,nogo,avoid,0,-1,-10,0,-61
23,control,6,exp,8,47,3393.3464172,1,nogo,avoid,0,-1,0,1,-61
23,control,6,exp,8,48,3398.97862265,4,go,avoid,0,-1,-10,1,-71
23,control,6,exp,8,49,3404.54067864,2,go,win,1,0.330779002883,9,1,-62
23,control,6,exp,8,50,3409.76199114,4,go,avoid,1,0.471085768482,-1,1,-63
23,control,6,exp,8,51,3415.00335516,1,nogo,avoid,0,-1,-10,0,-73
23,control,6,exp,8,52,3420.36497159,4,go,avoid,1,0.561288752358,-1,1,-74
23,control,6,exp,8,53,3425.7767026,1,nogo,avoid,1,0.400926457888,-11,1,-85
23,control,6,exp,8,54,3430.94791303,3,nogo,win,0,-1,10,1,-75
23,control,6,exp,8,55,3436.4097506,2,go,win,1,0.541235310697,9,1,-66
23,control,6,exp,8,56,3441.99184409,3,nogo,win,0,-1,10,1,-56
23,control,6,exp,8,57,3447.22318554,1,nogo,avoid,0,-1,-10,0,-66
23,control,6,exp,8,58,3452.89548655,4,go,avoid,0,-1,-10,1,-76
23,control,6,exp,8,59,3458.42747472,4,go,avoid,0,-1,-10,1,-86
23,control,6,exp,8,60,3463.73898596,4,go,avoid,0,-1,-10,1,-96
23,control,6,exp,8,61,3469.42130104,1,nogo,avoid,0,-1,0,1,-96
23,control,6,exp,8,62,3474.76290435,4,go,avoid,0,-1,-10,1,-106
23,control,6,exp,8,63,3480.40510183,4,go,avoid,0,-1,0,0,-106
23,control,6,exp,8,64,3485.67653579,3,nogo,win,0,-1,10,1,-96
23,control,6,exp,8,65,3490.70742801,2,go,win,1,0.390911935502,9,1,-87
23,control,6,exp,8,66,3496.01894544,3,nogo,win,0,-1,10,1,-77
23,control,6,exp,8,67,3501.59102979,3,nogo,win,0,-1,10,1,-67
23,control,6,exp,8,68,3507.11301025,2,go,win,1,0.330794705072,-1,0,-68
23,control,6,exp,8,69,3512.51470367,4,go,avoid,0,-1,0,0,-68
23,control,6,exp,8,70,3518.19701998,1,nogo,avoid,0,-1,-10,0,-78
23,control,6,exp,8,71,3523.62879916,2,go,win,1,0.44100247217,-1,0,-79
23,control,6,exp,8,72,3529.02047927,3,nogo,win,0,-1,0,0,-79
23,control,6,exp,8,73,3534.16162373,2,go,win,1,0.491124861333,9,1,-70
23,control,6,exp,8,74,3539.43305186,4,go,avoid,0,-1,0,0,-70
23,control,6,exp,8,75,3544.71449832,3,nogo,win,0,-1,10,1,-60
23,control,6,exp,8,76,3549.90575314,3,nogo,win,0,-1,0,0,-60
23,control,6,exp,8,77,3555.23730134,1,nogo,avoid,0,-1,0,1,-60
23,control,6,exp,8,78,3560.52877293,2,go,win,1,0.481102068305,9,1,-51
23,control,6,exp,8,79,3565.80019847,3,nogo,win,0,-1,0,0,-51
23,control,7,induction,9,0,3741.33058557,1,nogo,avoid,1,0.701579737573,-1,0,-1
23,control,7,induction,9,1,3746.54187357,2,go,win,1,0.521188792314,9,1,8
23,control,7,induction,9,2,3751.88344598,3,nogo,win,1,0.581324428681,-1,1,7
23,control,7,induction,9,3,3757.11477644,3,nogo,win,1,0.952126390434,-1,1,6
23,control,7,induction,9,4,3762.65676855,1,nogo,avoid,0,-1,0,1,6
23,control,7,induction,9,5,3767.81797594,1,nogo,avoid,0,-1,0,1,6
23,control,7,induction,9,6,3773.41009541,4,go,avoid,1,0.251277867765,-1,1,5
23,control,7,induction,9,7,3778.70156904,4,go,avoid,0,-1,0,0,5
23,control,7,induction,9,8,3784.30372321,3,nogo,win,0,-1,0,0,5
23,control,7,induction,9,9,3789.80562428,2,go,win,1,0.52115051278,-1,0,4
23,control,7,induction,9,10,3795.23739489,3,nogo,win,1,0.54123722347,-1,1,3
23,control,7,induction,9,11,3800.41861818,1,nogo,avoid,0,-1,0,1,3
23,control,7,induction,9,12,3805.67000637,3,nogo,win,1,0.461646067686,-1,1,2
23,control,7,induction,9,13,3810.91136401,2,go,win,1,0.310741263411,9,1,11
23,control,7,induction,9,14,3816.49346191,1,nogo,avoid,1,0.721617071033,-11,1,0
23,control,7,induction,9,15,3821.88514831,2,go,win,1,0.310750643821,9,1,9
23,control,7,induction,9,16,3827.38707316,1,nogo,avoid,0,-1,0,1,9
23,control,7,induction,9,17,3832.8388886,3,nogo,win,0,-1,0,0,9
23,control,7,induction,9,18,3838.18049161,4,go,avoid,1,0.772334570421,-1,1,8
23,control,7,induction,9,19,3843.64230467,3,nogo,win,0,-1,10,1,18
23,control,7,induction,9,20,3849.07411072,1,nogo,avoid,0,-1,0,1,18
23,control,7,induction,9,21,3854.64615066,2,go,win,1,0.400935582661,9,1,27
23,control,7,induction,9,22,3859.82737641,2,go,win,0,-1,0,1,27
23,control,7,induction,9,23,3865.54978266,2,go,win,1,0.390902320505,9,1,36
23,control,7,induction,9,24,3870.88135908,1,nogo,avoid,0,-1,0,1,36
23,control,7,induction,9,25,3876.44343368,1,nogo,avoid,0,-1,0,1,36
23,control,7,induction,9,26,3881.97538349,4,go,avoid,0,-1,-10,1,26
23,control,7,induction,9,27,3887.63765612,2,go,win,1,0.290693096915,-1,0,25
23,control,7,induction,9,28,3893.12955848,3,nogo,win,0,-1,0,0,25
23,control,7,induction,9,29,3898.64150578,3,nogo,win,0,-1,0,0,25
23,control,7,induction,9,30,3903.81270828,2,go,win,1,0.330773742755,9,1,34
23,control,7,induction,9,31,3909.22443933,4,go,avoid,0,-1,0,0,34
23,control,7,induction,9,32,3914.46579973,4,go,avoid,0,-1,-10,1,24
23,control,7,induction,9,33,3920.05794307,2,go,win,1,0.330773983356,9,1,33
23,control,7,induction,9,34,3925.66006053,2,go,win,1,0.451037758377,9,1,42
23,control,7,induction,9,35,3931.17200816,4,go,avoid,0,-1,0,0,42
23,control,7,induction,9,36,3936.71404772,3,nogo,win,0,-1,10,1,52
23,control,7,induction,9,37,3942.12574754,3,nogo,win,0,-1,0,0,52
23,control,7,induction,9,38,3947.58758897,4,go,avoid,1,0.801815562553,-1,1,51
23,control,7,induction,9,39,3953.09953065,2,go,win,1,0.390913033241,-1,0,50
23,control,7,induction,9,40,3958.41104419,3,nogo,win,0,-1,10,1,60
23,control,7,induction,9,41,3963.70251232,4,go,avoid,0,-1,-10,1,50
23,control,7,induction,9,42,3969.01405583,1,nogo,avoid,0,-1,0,1,50
23,control,7,induction,9,43,3974.12510031,3,nogo,win,0,-1,10,1,60
23,control,7,induction,9,44,3979.53683174,1,nogo,avoid,0,-1,-10,0,50
23,control,7,induction,9,45,3984.74812341,3,nogo,win,0,-1,10,1,60
23,control,7,induction,9,46,3990.119769,4,go,avoid,0,-1,-10,1,50
23,control,7,induction,9,47,3995.71189042,1,nogo,avoid,0,-1,0,1,50
23,control,7,induction,9,48,4001.24387745,3,nogo,win,0,-1,10,1,60
23,control,7,induction,9,49,4006.82597991,2,go,win,1,0.441012796938,9,1,69
23,control,7,induction,9,50,4012.32790616,1,nogo,avoid,0,-1,0,1,69
23,control,7,induction,9,51,4017.75969821,4,go,avoid,0,-1,-10,1,59
23,control,7,induction,9,52,4023.42194987,3,nogo,win,0,-1,10,1,69
23,control,7,induction,9,53,4028.92387436,2,go,win,1,0.320751785814,9,1,78
23,control,7,induction,9,54,4034.24540844,4,go,avoid,0,-1,-10,1,68
23,control,7,induction,9,55,4039.66715604,2,go,win,1,0.430999218907,9,1,77
23,control,7,induction,9,56,4045.16908363,4,go,avoid,0,-1,-10,1,67
23,control,7,induction,9,57,4050.4505243,4,go,avoid,0,-1,0,0,67
23,control,7,induction,9,58,4056.03262525,1,nogo,avoid,0,-1,0,1,67
23,control,7,induction,9,59,4061.34414298,2,go,win,1,0.651475769385,9,1,76
23,control,7,induction,9,60,4066.84606794,2,go,win,1,0.591346418704,-1,0,75
23,control,7,induction,9,61,4072.16759697,1,nogo,avoid,0,-1,-10,0,65
23,control,7,induction,9,62,4077.61941815,1,nogo,avoid,0,-1,0,1,65
23,control,7,induction,9,63,4082.73049213,2,go,win,1,0.180450529965,9,1,74
23,control,7,induction,9,64,4088.02196126,3,nogo,win,0,-1,10,1,84
23,control,7,induction,9,65,4093.35352204,4,go,avoid,0,-1,-10,1,74
23,control,7,induction,9,66,4098.69509153,1,nogo,avoid,0,-1,0,1,74
23,control,7,induction,9,67,4104.15694278,2,go,win,1,0.270642386069,9,1,83
23,control,7,induction,9,68,4109.49851788,1,nogo,avoid,0,-1,0,1,83
23,control,7,induction,9,69,4114.7899875,2,go,win,1,0.3407976245,-1,0,82
23,control,7,induction,9,70,4119.88101963,1,nogo,avoid,0,-1,0,1,82
23,control,7,induction,9,71,4125.08229372,4,go,avoid,0,-1,-10,1,72
23,control,7,induction,9,72,4130.46395519,3,nogo,win,0,-1,10,1,82
23,control,7,induction,9,73,4136.01599149,4,go,avoid,0,-1,-10,1,72
23,control,7,induction,9,74,4141.61813343,1,nogo,avoid,0,-1,0,1,72
23,control,7,induction,9,75,4147.0599303,4,go,avoid,0,-1,0,0,72
23,control,7,induction,9,76,4152.65203052,3,nogo,win,0,-1,10,1,82
23,control,7,induction,9,77,4158.13393066,4,go,avoid,0,-1,-10,1,72
23,control,7,induction,9,78,4163.62583355,3,nogo,win,0,-1,10,1,82
23,control,7,induction,9,79,4168.96740283,4,go,avoid,0,-1,-10,1,72
23,control,8,exp,7,0,4311.55640015,4,go,avoid,1,0.420969063505,-11,0,-11
23,control,8,exp,7,1,4316.84786193,2,go,win,1,0.571347097112,9,1,-2
23,control,8,exp,7,2,4321.89880739,2,go,win,0,-1,0,1,-2
23,control,8,exp,7,3,4327.37066715,2,go,win,1,0.431007110603,-1,0,-3
23,control,8,exp,7,4,4332.83249905,1,nogo,avoid,1,0.400935751081,-11,1,-14
23,control,8,exp,7,5,4338.43463977,2,go,win,1,0.360851739842,-1,0,-15
23,control,8,exp,7,6,4343.85638893,4,go,avoid,1,0.541234384385,-1,1,-16
23,control,8,exp,7,7,4349.23804708,2,go,win,1,0.290692775112,9,1,-7
23,control,8,exp,7,8,4354.62973247,2,go,win,1,0.420967400355,9,1,2
23,control,8,exp,7,9,4359.89113521,3,nogo,win,1,0.420977899557,-1,1,1
23,control,8,exp,7,10,4365.48324593,3,nogo,win,0,-1,10,1,11
23,control,8,exp,7,11,4370.6945433,1,nogo,avoid,1,0.471079179037,-11,1,0
23,control,8,exp,7,12,4376.21651194,4,go,avoid,1,0.60113071351,-1,1,-1
23,control,8,exp,7,13,4381.45787142,1,nogo,avoid,0,-1,-10,0,-11
23,control,8,exp,7,14,4386.59901352,2,go,win,1,0.350823473154,9,1,-2
23,control,8,exp,7,15,4392.16105878,1,nogo,avoid,0,-1,0,1,-2
23,control,8,exp,7,16,4397.60285303,4,go,avoid,1,0.841883570855,-1,1,-3
23,control,8,exp,7,17,4403.29519472,2,go,win,1,0.420979953684,9,1,6
23,control,8,exp,7,18,4408.54657818,2,go,win,1,0.290689746553,-1,0,5
23,control,8,exp,7,19,4413.76789095,3,nogo,win,0,-1,10,1,15
23,control,8,exp,7,20,4419.00925032,1,nogo,avoid,0,-1,-10,0,5
23,control,8,exp,7,21,4424.2906943,4,go,avoid,0,-1,-10,1,-5
23,control,8,exp,7,22,4429.7625527,3,nogo,win,0,-1,0,0,-5
23,control,8,exp,7,23,4435.2444373,3,nogo,win,0,-1,10,1,5
23,control,8,exp,7,24,4440.71629448,3,nogo,win,0,-1,10,1,15
23,control,8,exp,7,25,4446.20819374,3,nogo,win,0,-1,0,0,15
23,control,8,exp,7,26,4451.27919096,1,nogo,avoid,0,-1,-10,0,5
23,control,8,exp,7,27,4456.59070513,1,nogo,avoid,0,-1,0,1,5
23,control,8,exp,7,28,4462.222901,1,nogo,avoid,0,-1,0,1,5
23,control,8,exp,7,29,4467.74487333,3,nogo,win,0,-1,10,1,15
23,control,8,exp,7,30,4473.33701243,4,go,avoid,0,-1,-10,1,5
23,control,8,exp,7,31,4478.78880877,4,go,avoid,0,-1,0,0,5
23,control,8,exp,7,32,4484.3709095,3,nogo,win,0,-1,10,1,15
23,control,8,exp,7,33,4489.62229339,1,nogo,avoid,0,-1,0,1,15
23,control,8,exp,7,34,4495.23444196,4,go,avoid,0,-1,0,0,15
23,control,8,exp,7,35,4500.56600117,3,nogo,win,0,-1,10,1,25
23,control,8,exp,7,36,4505.81738419,1,nogo,avoid,0,-1,0,1,25
23,control,8,exp,7,37,4511.42955001,4,go,avoid,0,-1,-10,1,15
23,control,8,exp,7,38,4517.01164383,2,go,win,0,-1,0,1,15
23,control,8,exp,7,39,4522.68393981,4,go,avoid,1,0.541235978363,-1,1,14
23,control,8,exp,7,40,4528.18586194,4,go,avoid,0,-1,0,0,14
23,control,8,exp,7,41,4533.29694684,4,go,avoid,0,-1,-10,1,4
23,control,8,exp,7,42,4538.73875027,3,nogo,win,0,-1,10,1,14
23,control,8,exp,7,43,4544.33085879,4,go,avoid,0,-1,-10,1,4
23,control,8,exp,7,44,4549.56219712,2,go,win,1,0.23055494928,-1,0,3
23,control,8,exp,7,45,4555.01400724,3,nogo,win,0,-1,10,1,13
23,control,8,exp,7,46,4560.33554188,2,go,win,1,0.27064265073,9,1,22
23,control,8,exp,7,47,4565.68714216,1,nogo,avoid,0,-1,-10,0,12
23,control,8,exp,7,48,4570.88841371,1,nogo,avoid,0,-1,-10,0,2
23,control,8,exp,7,49,4576.18990247,1,nogo,avoid,0,-1,-10,0,-8
23,control,8,exp,7,50,4581.67178309,1,nogo,avoid,0,-1,0,1,-8
23,control,8,exp,7,51,4587.16368671,1,nogo,avoid,0,-1,0,1,-8
23,control,8,exp,7,52,4592.54535403,2,go,win,1,0.501150758106,9,1,1
23,control,8,exp,7,53,4598.04727343,3,nogo,win,0,-1,10,1,11
23,control,8,exp,7,54,4603.57927128,2,go,win,1,0.811827802244,-1,0,10
23,control,8,exp,7,55,4608.91084744,2,go,win,1,0.380882059798,9,1,19
23,control,8,exp,7,56,4614.44281619,4,go,avoid,0,-1,-10,1,9
23,control,8,exp,7,57,4619.68417118,4,go,avoid,0,-1,-10,1,-1
23,control,8,exp,7,58,4625.02575415,4,go,avoid,0,-1,-10,1,-11
23,control,8,exp,7,59,4630.43748607,2,go,win,1,0.280673389588,9,1,-2
23,control,8,exp,7,60,4635.9093409,1,nogo,avoid,0,-1,0,1,-2
23,control,8,exp,7,61,4641.1507033,4,go,avoid,0,-1,-10,1,-12
23,control,8,exp,7,62,4646.66265083,4,go,avoid,0,-1,-10,1,-22
23,control,8,exp,7,63,4651.94409522,3,nogo,win,0,-1,10,1,-12
23,control,8,exp,7,64,4657.56627544,3,nogo,win,0,-1,10,1,-2
23,control,8,exp,7,65,4662.82767503,3,nogo,win,0,-1,10,1,8
23,control,8,exp,7,66,4667.94878426,2,go,win,1,0.320763966212,9,1,17
23,control,8,exp,7,67,4673.46072676,1,nogo,avoid,0,-1,0,1,17
23,control,8,exp,7,68,4678.68204538,4,go,avoid,0,-1,-10,1,7
23,control,8,exp,7,69,4683.89333543,3,nogo,win,0,-1,10,1,17
23,control,8,exp,7,70,4689.20484844,2,go,win,1,0.260620874239,9,1,26
23,control,8,exp,7,71,4694.58652153,4,go,avoid,0,-1,-10,1,16
23,control,8,exp,7,72,4700.07841668,2,go,win,1,0.340807350774,9,1,25
23,control,8,exp,7,73,4705.70060204,2,go,win,1,0.280676971527,9,1,34
23,control,8,exp,7,74,4711.18248273,1,nogo,avoid,0,-1,0,1,34
23,control,8,exp,7,75,4716.77460604,1,nogo,avoid,0,-1,0,1,34
23,control,8,exp,7,76,4722.34668228,1,nogo,avoid,0,-1,0,1,34
23,control,8,exp,7,77,4727.79849906,3,nogo,win,0,-1,0,0,34
23,control,8,exp,7,78,4733.41066811,3,nogo,win,1,0.430998548233,-1,1,33
23,control,8,exp,7,79,4739.04286986,3,nogo,win,0,-1,0,0,33
23,control,9,exp,1,0,4937.88375022,3,nogo,avoid,1,0.521190608848,-11,1,-11
23,control,9,exp,1,1,4943.405722,3,nogo,avoid,0,-1,0,1,-11
23,control,9,exp,1,2,4948.62703234,4,go,win,1,0.44101262551,-1,0,-12
23,control,9,exp,1,3,4953.87841237,2,nogo,win,1,0.380882480848,-1,1,-13
23,control,9,exp,1,4,4959.08973227,2,nogo,win,0,-1,0,0,-13
23,control,9,exp,1,5,4964.44130329,4,go,win,0,-1,0,1,-13
23,control,9,exp,1,6,4969.67263827,3,nogo,avoid,0,-1,0,1,-13
23,control,9,exp,1,7,4975.1344746,1,go,avoid,1,0.311306187299,-1,1,-14
23,control,9,exp,1,8,4980.63639696,3,nogo,avoid,0,-1,0,1,-14
23,control,9,exp,1,9,4986.20847029,4,go,win,1,0.38090128979,-1,0,-15
23,control,9,exp,1,10,4991.45985165,3,nogo,avoid,0,-1,0,1,-15
23,control,9,exp,1,11,4997.01188046,2,nogo,win,1,0.441016180382,-1,1,-16
23,control,9,exp,1,12,5002.61402385,1,go,avoid,1,0.441022724714,-11,0,-27
23,control,9,exp,1,13,5007.80527592,2,nogo,win,0,-1,10,1,-17
23,control,9,exp,1,14,5013.05666422,1,go,avoid,0,-1,-10,1,-27
23,control,9,exp,1,15,5018.63876434,3,nogo,avoid,0,-1,0,1,-27
23,control,9,exp,1,16,5024.05048061,2,nogo,win,0,-1,0,0,-27
23,control,9,exp,1,17,5029.48225894,1,go,avoid,0,-1,-10,1,-37
23,control,9,exp,1,18,5035.07437448,3,nogo,avoid,0,-1,0,1,-37
23,control,9,exp,1,19,5040.53620738,1,go,avoid,1,0.281752227059,-1,1,-38
23,control,9,exp,1,20,5045.95796039,3,nogo,avoid,0,-1,0,1,-38
23,control,9,exp,1,21,5051.32960297,1,go,avoid,0,-1,-10,1,-48
23,control,9,exp,1,22,5056.69122132,1,go,avoid,1,0.411146293679,-1,1,-49
23,control,9,exp,1,23,5062.14303404,4,go,win,1,0.410947118595,9,1,-40
23,control,9,exp,1,24,5067.28417915,4,go,win,1,0.210518409803,9,1,-31
23,control,9,exp,1,25,5072.82619173,2,nogo,win,1,0.992210332501,-1,1,-32
23,control,9,exp,1,26,5078.00741805,2,nogo,win,0,-1,10,1,-22
23,control,9,exp,1,27,5083.25880277,3,nogo,avoid,0,-1,-10,0,-32
23,control,9,exp,1,28,5088.54025083,2,nogo,win,0,-1,0,0,-32
23,control,9,exp,1,29,5093.83171963,1,go,avoid,1,0.441007813499,-1,1,-33
23,control,9,exp,1,30,5099.46392322,1,go,avoid,0,-1,-10,1,-43
23,control,9,exp,1,31,5104.95582612,3,nogo,avoid,0,-1,0,1,-43
23,control,9,exp,1,32,5110.34750639,4,go,win,1,0.902014656864,-1,0,-44
23,control,9,exp,1,33,5115.80937641,1,go,avoid,0,-1,-10,1,-54
23,control,9,exp,1,34,5121.09079627,3,nogo,avoid,0,-1,-10,0,-64
23,control,9,exp,1,35,5126.71297942,2,nogo,win,1,0.430993754269,9,0,-55
23,control,9,exp,1,36,5132.12471337,4,go,win,1,0.751686737329,-1,0,-56
23,control,9,exp,1,37,5137.52641386,4,go,win,1,0.310730755184,9,1,-47
23,control,9,exp,1,38,5143.10852083,3,nogo,avoid,0,-1,0,1,-47
23,control,9,exp,1,39,5148.64050511,3,nogo,avoid,1,0.601368709478,-11,1,-58
23,control,9,exp,1,40,5153.83175483,4,go,win,1,0.431598957684,9,1,-49
23,control,9,exp,1,41,5159.11320352,1,go,avoid,0,-1,-10,1,-59
23,control,9,exp,1,42,5164.70532372,4,go,win,1,0.200492176189,9,1,-50
23,control,9,exp,1,43,5169.96672564,4,go,win,1,0.270642455242,-1,0,-51
23,control,9,exp,1,44,5175.29827674,2,nogo,win,1,0.380876122981,-1,1,-52
23,control,9,exp,1,45,5180.81022297,2,nogo,win,1,0.962722588518,9,0,-43
23,control,9,exp,1,46,5186.21193331,3,nogo,avoid,0,-1,0,1,-43
23,control,9,exp,1,47,5191.54348765,1,go,avoid,0,-1,0,0,-43
23,control,9,exp,1,48,5196.60446821,4,go,win,1,0.32074939184,9,1,-34
23,control,9,exp,1,49,5202.07632141,4,go,win,1,0.631428514163,9,1,-25
23,control,9,exp,1,50,5207.45801015,1,go,avoid,0,-1,0,0,-25
23,control,9,exp,1,51,5212.91984451,2,nogo,win,1,0.420976332647,-1,1,-26
23,control,9,exp,1,52,5218.20126797,1,go,avoid,0,-1,-10,1,-36
23,control,9,exp,1,53,5223.39251821,4,go,win,1,0.481103602133,9,1,-27
23,control,9,exp,1,54,5228.57374875,4,go,win,1,0.330779923179,9,1,-18
23,control,9,exp,1,55,5233.84517489,2,nogo,win,1,0.230559857529,-1,1,-19
23,control,9,exp,1,56,5239.24687944,1,go,avoid,0,-1,0,0,-19
23,control,9,exp,1,57,5244.43813287,3,nogo,avoid,0,-1,0,1,-19
23,control,9,exp,1,58,5249.92001403,1,go,avoid,0,-1,0,0,-19
23,control,9,exp,1,59,5255.06118257,2,nogo,win,0,-1,10,1,-9
23,control,9,exp,1,60,5260.36264593,3,nogo,avoid,0,-1,-10,0,-19
23,control,9,exp,1,61,5265.41358714,1,go,avoid,0,-1,-10,1,-29
23,control,9,exp,1,62,5270.70505769,4,go,win,1,0.541238002415,9,1,-20
23,control,9,exp,1,63,5275.81621555,3,nogo,avoid,0,-1,0,1,-20
23,control,9,exp,1,64,5281.24791006,3,nogo,avoid,0,-1,-10,0,-30
23,control,9,exp,1,65,5286.81998531,2,nogo,win,0,-1,10,1,-20
23,control,9,exp,1,66,5292.44216617,2,nogo,win,0,-1,0,0,-20
23,control,9,exp,1,67,5297.69355162,4,go,win,1,0.380880071836,-1,0,-21
23,control,9,exp,1,68,5303.14537275,4,go,win,1,0.390901604718,9,1,-12
23,control,9,exp,1,69,5308.50698942,2,nogo,win,1,0.350820781436,-1,1,-13
23,control,9,exp,1,70,5314.00891577,4,go,win,1,0.380901010092,9,1,-4
23,control,9,exp,1,71,5319.35049414,2,nogo,win,1,0.591343663831,9,0,5
23,control,9,exp,1,72,5324.75219966,4,go,win,1,0.310725771747,9,1,14
23,control,9,exp,1,73,5330.29421748,3,nogo,avoid,0,-1,0,1,14
23,control,9,exp,1,74,5335.60572552,2,nogo,win,1,0.320754766253,-1,1,13
23,control,9,exp,1,75,5341.08760507,1,go,avoid,0,-1,-10,1,3
23,control,9,exp,1,76,5346.41916415,3,nogo,avoid,0,-1,0,1,3
23,control,9,exp,1,77,5351.740699,1,go,avoid,0,-1,-10,1,-7
23,control,9,exp,1,78,5356.8918551,1,go,avoid,0,-1,0,0,-7
23,control,9,exp,1,79,5362.32363682,2,nogo,win,1,0.320777999235,-1,1,-8
