# {'date': u'2016_des_09_1101', 'frameRate': 99.78463374522218, 'expName': 'pavlovian', u'participant': u'2'}
subj,condition,session_index,induction,cardset,trial,time,cardnumber,trial_type,reward_type,response,RT,RT_in_frames,reward,won_if_correct,reward_sum
2,control,1,induction,4,0,66.3853924232,4,nogo,avoid,1,0.350834423482,-1,0,-1
2,control,1,induction,4,1,71.9374151166,4,nogo,avoid,1,0.300717977151,-1,0,-2
2,control,1,induction,4,2,77.0785617948,1,go,avoid,0,-1,-10,1,-12
2,control,1,induction,4,3,82.5303751834,1,go,avoid,1,0.390906657329,-1,1,-13
2,control,1,induction,4,4,88.0824026195,1,go,avoid,1,0.330797832877,-11,0,-24
2,control,1,induction,4,5,93.6043685127,2,nogo,win,1,0.501147185189,-1,1,-25
2,control,1,induction,4,6,98.8757858673,3,go,win,0,-1,0,1,-25
2,control,1,induction,4,7,104.107124335,3,go,win,0,-1,0,1,-25
2,control,1,induction,4,8,109.589001478,1,go,avoid,1,0.350890705948,-1,1,-26
2,control,1,induction,4,9,115.231228782,1,go,avoid,0,-1,-10,1,-36
2,control,1,induction,4,10,120.612889058,1,go,avoid,1,0.291760887816,-1,1,-37
2,control,1,induction,4,11,126.134855451,4,nogo,avoid,1,0.280680679783,-11,1,-48
2,control,1,induction,4,12,131.696896071,1,go,avoid,1,0.320779220282,-1,1,-49
2,control,1,induction,4,13,136.988368678,2,nogo,win,0,-1,10,1,-39
2,control,1,induction,4,14,142.20968844,4,nogo,avoid,0,-1,0,1,-39
2,control,1,induction,4,15,147.69156751,2,nogo,win,1,0.350822059626,-1,1,-40
2,control,1,induction,4,16,153.393917106,2,nogo,win,1,0.320753265507,-1,1,-41
2,control,1,induction,4,17,158.785605018,2,nogo,win,1,0.360853766901,9,0,-32
2,control,1,induction,4,18,164.00691752,1,go,avoid,1,0.430999627929,-11,0,-43
2,control,1,induction,4,19,169.508834507,4,nogo,avoid,1,0.400932096963,-11,1,-54
2,control,1,induction,4,20,174.670020822,4,nogo,avoid,0,-1,0,1,-54
2,control,1,induction,4,21,180.252122397,3,go,win,1,0.340821464999,9,1,-45
2,control,1,induction,4,22,185.754052596,1,go,avoid,0,-1,-10,1,-55
2,control,1,induction,4,23,191.205860956,1,go,avoid,0,-1,-10,1,-65
2,control,1,induction,4,24,196.657669568,2,nogo,win,1,0.370883729823,-1,1,-66
2,control,1,induction,4,25,202.109483264,3,go,win,1,0.330801053916,9,1,-57
2,control,1,induction,4,26,207.481123959,1,go,avoid,0,-1,0,0,-57
2,control,1,induction,4,27,212.96300237,1,go,avoid,0,-1,0,0,-57
2,control,1,induction,4,28,218.274509261,2,nogo,win,1,0.280670454263,-1,1,-58
2,control,1,induction,4,29,223.475781416,4,nogo,avoid,0,-1,0,1,-58
2,control,1,induction,4,30,228.616924765,2,nogo,win,0,-1,0,0,-58
2,control,1,induction,4,31,234.078764005,3,go,win,1,0.320753509115,-1,0,-59
2,control,1,induction,4,32,239.270012796,4,nogo,avoid,0,-1,0,1,-59
2,control,1,induction,4,33,244.631632178,3,go,win,1,0.310737831845,9,1,-50
2,control,1,induction,4,34,249.993247593,4,nogo,avoid,0,-1,0,1,-50
2,control,1,induction,4,35,255.234612497,2,nogo,win,1,0.290688492423,-1,1,-51
2,control,1,induction,4,36,260.676402319,1,go,avoid,0,-1,-10,1,-61
2,control,1,induction,4,37,266.138235379,3,go,win,1,0.340799407951,9,1,-52
2,control,1,induction,4,38,271.559989495,2,nogo,win,1,0.320764624857,-1,1,-53
2,control,1,induction,4,39,277.112020041,1,go,avoid,0,-1,-10,1,-63
2,control,1,induction,4,40,282.644012036,4,nogo,avoid,0,-1,-10,0,-73
2,control,1,induction,4,41,287.765110244,1,go,avoid,0,-1,-10,1,-83
2,control,1,induction,4,42,293.317143448,3,go,win,1,0.340797356833,9,1,-74
2,control,1,induction,4,43,298.788994014,3,go,win,1,0.330782563769,9,1,-65
2,control,1,induction,4,44,304.391134672,4,nogo,avoid,0,-1,0,1,-65
2,control,1,induction,4,45,309.632492081,3,go,win,1,0.340799425996,9,1,-56
2,control,1,induction,4,46,314.793683307,1,go,avoid,0,-1,-10,1,-66
2,control,1,induction,4,47,320.445928445,4,nogo,avoid,0,-1,-10,0,-76
2,control,1,induction,4,48,325.74742395,2,nogo,win,1,0.32075092266,9,0,-67
2,control,1,induction,4,49,331.088995795,3,go,win,1,0.341855421459,9,1,-58
2,control,1,induction,4,50,336.330354406,3,go,win,1,0.340800129753,9,1,-49
2,control,1,induction,4,51,341.962558481,3,go,win,1,0.370863904344,9,1,-40
2,control,1,induction,4,52,347.223968291,2,nogo,win,1,0.380885569557,9,0,-31
2,control,1,induction,4,53,352.435267341,4,nogo,avoid,0,-1,0,1,-31
2,control,1,induction,4,54,357.877047985,3,go,win,1,0.320755073018,-1,0,-32
2,control,1,induction,4,55,363.489208177,1,go,avoid,0,-1,-10,1,-42
2,control,1,induction,4,56,369.161503887,4,nogo,avoid,0,-1,0,1,-42
2,control,1,induction,4,57,374.643387492,2,nogo,win,1,0.290699105912,-1,1,-43
2,control,1,induction,4,58,379.914876317,2,nogo,win,1,0.390906843794,-1,1,-44
2,control,1,induction,4,59,385.597124989,2,nogo,win,1,0.330777318679,-1,1,-45
2,control,1,induction,4,60,390.918656541,4,nogo,avoid,0,-1,0,1,-45
2,control,1,induction,4,61,396.360453055,4,nogo,avoid,0,-1,0,1,-45
2,control,1,induction,4,62,401.481551696,2,nogo,win,1,0.310728628878,-1,1,-46
2,control,1,induction,4,63,406.762994653,2,nogo,win,1,0.340800941779,-1,1,-47
2,control,1,induction,4,64,412.355116253,2,nogo,win,1,0.340824911601,-1,1,-48
2,control,1,induction,4,65,417.626544793,2,nogo,win,1,0.420965562768,-1,1,-49
2,control,1,induction,4,66,423.00820282,4,nogo,avoid,0,-1,0,1,-49
2,control,1,induction,4,67,428.480060276,1,go,avoid,0,-1,-10,1,-59
2,control,1,induction,4,68,433.861725629,4,nogo,avoid,0,-1,-10,0,-69
2,control,1,induction,4,69,439.083042642,1,go,avoid,0,-1,-10,1,-79
2,control,1,induction,4,70,444.374510638,3,go,win,1,0.310728622863,-1,0,-80
2,control,1,induction,4,71,449.876431364,2,nogo,win,1,0.541235939266,9,0,-71
2,control,1,induction,4,72,455.448513631,3,go,win,1,0.370874990011,-1,0,-72
2,control,1,induction,4,73,460.840197699,1,go,avoid,0,-1,-10,1,-82
2,control,1,induction,4,74,466.211838259,3,go,win,1,0.270647399581,9,1,-73
2,control,1,induction,4,75,471.733807719,3,go,win,1,0.300711971163,9,1,-64
2,control,1,induction,4,76,477.035293811,4,nogo,avoid,1,0.330775917182,-11,1,-75
2,control,1,induction,4,77,482.527197737,4,nogo,avoid,0,-1,0,1,-75
2,control,1,induction,4,78,488.219531403,3,go,win,1,0.280668550511,9,1,-66
2,control,1,induction,4,79,493.89183179,3,go,win,1,0.330779890098,9,1,-57
2,control,2,exp,5,0,660.061882816,2,nogo,avoid,1,0.310735982231,-11,1,-11
2,control,2,exp,5,1,665.223068963,3,go,win,0,-1,0,1,-11
2,control,2,exp,5,2,670.885333042,3,go,win,0,-1,10,0,-1
2,control,2,exp,5,3,676.45740724,4,go,avoid,1,0.270647501837,-1,1,-2
2,control,2,exp,5,4,681.98939709,3,go,win,0,-1,0,1,-2
2,control,2,exp,5,5,687.701777705,1,nogo,win,1,0.320760775248,-1,1,-3
2,control,2,exp,5,6,693.003264831,1,nogo,win,1,0.300710326057,-1,1,-4
2,control,2,exp,5,7,698.475117989,1,nogo,win,1,0.350830880641,9,0,5
2,control,2,exp,5,8,703.846760685,1,nogo,win,1,0.310733624346,-1,1,4
2,control,2,exp,5,9,709.198355397,2,nogo,avoid,0,-1,0,1,4
2,control,2,exp,5,10,714.76041199,2,nogo,avoid,0,-1,0,1,4
2,control,2,exp,5,11,719.961679658,1,nogo,win,1,0.350823088193,9,0,13
2,control,2,exp,5,12,725.684084877,4,go,avoid,0,-1,-10,1,3
2,control,2,exp,5,13,730.995588742,1,nogo,win,1,0.37086681561,9,0,12
2,control,2,exp,5,14,736.256991902,2,nogo,avoid,0,-1,0,1,12
2,control,2,exp,5,15,741.839089783,4,go,avoid,0,-1,-10,1,2
2,control,2,exp,5,16,747.180664542,3,go,win,0,-1,0,1,2
2,control,2,exp,5,17,752.452081219,4,go,avoid,0,-1,0,0,2
2,control,2,exp,5,18,758.184508638,3,go,win,0,-1,10,0,12
2,control,2,exp,5,19,763.606254974,1,nogo,win,1,0.290692519474,-1,1,11
2,control,2,exp,5,20,769.33868371,1,nogo,win,1,0.611379731129,9,0,20
2,control,2,exp,5,21,774.570018537,2,nogo,avoid,0,-1,0,1,20
2,control,2,exp,5,22,779.93163474,4,go,avoid,0,-1,-10,1,10
2,control,2,exp,5,23,785.132910167,4,go,avoid,0,-1,-10,1,0
2,control,2,exp,5,24,790.674921412,3,go,win,0,-1,0,1,0
2,control,2,exp,5,25,796.156801829,1,nogo,win,1,0.400929657875,-1,1,-1
2,control,2,exp,5,26,801.287916009,1,nogo,win,1,0.591345348033,-1,1,-2
2,control,2,exp,5,27,806.8399534,2,nogo,avoid,0,-1,-10,0,-12
2,control,2,exp,5,28,812.452127236,2,nogo,avoid,0,-1,0,1,-12
2,control,2,exp,5,29,818.004148429,4,go,avoid,0,-1,0,0,-12
2,control,2,exp,5,30,823.556178728,3,go,win,1,0.601364056867,9,1,-3
2,control,2,exp,5,31,828.757453662,4,go,avoid,0,-1,-10,1,-13
2,control,2,exp,5,32,833.898592969,1,nogo,win,1,0.310732511568,9,0,-4
2,control,2,exp,5,33,839.530798975,1,nogo,win,1,0.360844512806,-1,1,-5
2,control,2,exp,5,34,844.862352583,1,nogo,win,1,0.330779484084,9,0,4
2,control,2,exp,5,35,850.424411335,4,go,avoid,0,-1,-10,1,-6
2,control,2,exp,5,36,855.906282201,4,go,avoid,0,-1,0,0,-6
2,control,2,exp,5,37,861.338057958,2,nogo,avoid,0,-1,-10,0,-16
2,control,2,exp,5,38,866.839979498,3,go,win,0,-1,0,1,-16
2,control,2,exp,5,39,872.402039081,3,go,win,0,-1,0,1,-16
2,control,2,exp,5,40,877.793723059,3,go,win,0,-1,0,1,-16
2,control,2,exp,5,41,883.175385915,4,go,avoid,0,-1,-10,1,-26
2,control,2,exp,5,42,888.697352566,1,nogo,win,1,0.350899009671,9,0,-17
2,control,2,exp,5,43,893.928686668,2,nogo,avoid,0,-1,0,1,-17
2,control,2,exp,5,44,899.190096062,4,go,avoid,0,-1,0,0,-17
2,control,2,exp,5,45,904.722083976,4,go,avoid,0,-1,-10,1,-27
2,control,2,exp,5,46,910.304180221,3,go,win,1,0.410948261447,9,1,-18
2,control,2,exp,5,47,915.735955007,2,nogo,avoid,0,-1,0,1,-18
2,control,2,exp,5,48,921.197790602,2,nogo,avoid,0,-1,0,1,-18
2,control,2,exp,5,49,926.689687746,3,go,win,0,-1,0,1,-18
2,control,2,exp,5,50,932.261767824,4,go,avoid,0,-1,-10,1,-28
2,control,2,exp,5,51,937.663476619,2,nogo,avoid,0,-1,0,1,-28
2,control,2,exp,5,52,943.145358982,4,go,avoid,0,-1,-10,1,-38
2,control,2,exp,5,53,948.256431504,4,go,avoid,0,-1,-10,1,-48
2,control,2,exp,5,54,953.858573503,3,go,win,0,-1,10,0,-38
2,control,2,exp,5,55,959.470739905,1,nogo,win,1,0.280664643761,-1,1,-39
2,control,2,exp,5,56,964.872443076,1,nogo,win,1,0.451122347486,-1,1,-40
2,control,2,exp,5,57,970.143866689,3,go,win,0,-1,0,1,-40
2,control,2,exp,5,58,975.425324978,3,go,win,0,-1,10,0,-30
2,control,2,exp,5,59,980.827023232,1,nogo,win,1,0.350872739107,-1,1,-31
2,control,2,exp,5,60,986.108470498,4,go,avoid,0,-1,0,0,-31
2,control,2,exp,5,61,991.429998961,3,go,win,0,-1,0,1,-31
2,control,2,exp,5,62,996.651347129,4,go,avoid,0,-1,0,0,-31
2,control,2,exp,5,63,1002.0029107,1,nogo,win,1,0.390905334027,-1,1,-32
2,control,2,exp,5,64,1007.4246646,3,go,win,0,-1,0,1,-32
2,control,2,exp,5,65,1012.93663732,2,nogo,avoid,0,-1,-10,0,-42
2,control,2,exp,5,66,1018.14790414,3,go,win,0,-1,0,1,-42
2,control,2,exp,5,67,1023.54962402,2,nogo,avoid,0,-1,0,1,-42
2,control,2,exp,5,68,1029.07157472,1,nogo,win,1,0.330776954771,-1,1,-43
2,control,2,exp,5,69,1034.31293846,2,nogo,avoid,0,-1,0,1,-43
2,control,2,exp,5,70,1039.52423431,3,go,win,0,-1,0,1,-43
2,control,2,exp,5,71,1044.87582831,1,nogo,win,1,0.250603239084,-1,1,-44
2,control,2,exp,5,72,1050.327651,4,go,avoid,0,-1,0,0,-44
2,control,2,exp,5,73,1055.68927179,2,nogo,avoid,0,-1,0,1,-44
2,control,2,exp,5,74,1061.0909732,4,go,avoid,0,-1,0,0,-44
2,control,2,exp,5,75,1066.49268096,3,go,win,0,-1,10,0,-34
2,control,2,exp,5,76,1072.0246808,2,nogo,avoid,0,-1,0,1,-34
2,control,2,exp,5,77,1077.49653025,2,nogo,avoid,0,-1,0,1,-34
2,control,2,exp,5,78,1082.81805462,2,nogo,avoid,0,-1,-10,0,-44
2,control,2,exp,5,79,1088.03937885,2,nogo,avoid,0,-1,0,1,-44
2,control,3,exp,1,0,1345.85803571,1,go,avoid,1,0.230554365824,-1,1,-1
2,control,3,exp,1,1,1351.40004241,2,nogo,win,0,-1,10,1,9
2,control,3,exp,1,2,1356.65142325,1,go,avoid,1,0.310735212309,-1,1,8
2,control,3,exp,1,3,1361.90280299,4,nogo,avoid,1,0.461058764946,-1,0,7
2,control,3,exp,1,4,1367.31453904,2,nogo,win,0,-1,10,1,17
2,control,3,exp,1,5,1372.67616024,2,nogo,win,0,-1,10,1,27
2,control,3,exp,1,6,1378.35846742,2,nogo,win,0,-1,10,1,37
2,control,3,exp,1,7,1384.01071756,1,go,avoid,1,0.360845309795,-1,1,36
2,control,3,exp,1,8,1389.73311799,4,nogo,avoid,1,0.691557630257,-1,0,35
2,control,3,exp,1,9,1394.92437238,1,go,avoid,1,0.410950694519,-11,0,24
2,control,3,exp,1,10,1400.06551177,1,go,avoid,0,-1,-10,1,14
2,control,3,exp,1,11,1405.21667285,2,nogo,win,0,-1,0,0,14
2,control,3,exp,1,12,1410.66849171,3,go,win,1,0.33078247956,9,1,23
2,control,3,exp,1,13,1416.18044019,2,nogo,win,0,-1,10,1,33
2,control,3,exp,1,14,1421.44187236,1,go,avoid,0,-1,-10,1,23
2,control,3,exp,1,15,1426.80345104,4,nogo,avoid,0,-1,-10,0,13
2,control,3,exp,1,16,1432.11496815,1,go,avoid,0,-1,0,0,13
2,control,3,exp,1,17,1437.59685097,4,nogo,avoid,0,-1,0,1,13
2,control,3,exp,1,18,1443.27916039,2,nogo,win,0,-1,10,1,23
2,control,3,exp,1,19,1448.7911125,2,nogo,win,0,-1,10,1,33
2,control,3,exp,1,20,1454.28301807,1,go,avoid,0,-1,0,0,33
2,control,3,exp,1,21,1459.71478264,1,go,avoid,0,-1,-10,1,23
2,control,3,exp,1,22,1465.38707276,3,go,win,1,0.280718598417,9,1,32
2,control,3,exp,1,23,1470.59837043,4,nogo,avoid,0,-1,0,1,32
2,control,3,exp,1,24,1475.97001501,1,go,avoid,0,-1,-10,1,22
2,control,3,exp,1,25,1481.36169254,2,nogo,win,0,-1,10,1,32
2,control,3,exp,1,26,1486.7132927,4,nogo,avoid,0,-1,0,1,32
2,control,3,exp,1,27,1491.86445425,1,go,avoid,0,-1,0,0,32
2,control,3,exp,1,28,1497.41648813,4,nogo,avoid,0,-1,0,1,32
2,control,3,exp,1,29,1503.10882471,1,go,avoid,0,-1,0,0,32
2,control,3,exp,1,30,1508.21990133,4,nogo,avoid,0,-1,0,1,32
2,control,3,exp,1,31,1513.68174261,4,nogo,avoid,0,-1,0,1,32
2,control,3,exp,1,32,1518.89303389,3,go,win,0,-1,10,0,42
2,control,3,exp,1,33,1524.28472625,1,go,avoid,0,-1,0,0,42
2,control,3,exp,1,34,1529.55614296,2,nogo,win,0,-1,10,1,52
2,control,3,exp,1,35,1534.75745728,3,go,win,0,-1,10,0,62
2,control,3,exp,1,36,1540.41968322,3,go,win,0,-1,0,1,62
2,control,3,exp,1,37,1546.11202426,3,go,win,0,-1,0,1,62
2,control,3,exp,1,38,1551.31329491,2,nogo,win,0,-1,0,0,62
2,control,3,exp,1,39,1556.82524248,3,go,win,0,-1,10,0,72
2,control,3,exp,1,40,1562.3071235,3,go,win,0,-1,0,1,72
2,control,3,exp,1,41,1567.99946192,1,go,avoid,0,-1,-10,1,62
2,control,3,exp,1,42,1573.22077255,3,go,win,0,-1,0,1,62
2,control,3,exp,1,43,1578.6325057,1,go,avoid,0,-1,-10,1,52
2,control,3,exp,1,44,1584.18453681,4,nogo,avoid,0,-1,0,1,52
2,control,3,exp,1,45,1589.80672216,3,go,win,0,-1,10,0,62
2,control,3,exp,1,46,1595.29862648,4,nogo,avoid,0,-1,0,1,62
2,control,3,exp,1,47,1600.70033295,2,nogo,win,0,-1,10,1,72
2,control,3,exp,1,48,1605.93166695,2,nogo,win,0,-1,10,1,82
2,control,3,exp,1,49,1611.67411401,1,go,avoid,0,-1,-10,1,72
2,control,3,exp,1,50,1617.36645003,4,nogo,avoid,0,-1,0,1,72
2,control,3,exp,1,51,1622.47752921,4,nogo,avoid,0,-1,0,1,72
2,control,3,exp,1,52,1628.02961943,2,nogo,win,0,-1,0,0,72
2,control,3,exp,1,53,1633.11057484,2,nogo,win,0,-1,0,0,72
2,control,3,exp,1,54,1638.432104,4,nogo,avoid,0,-1,0,1,72
2,control,3,exp,1,55,1643.91398733,1,go,avoid,0,-1,-10,1,62
2,control,3,exp,1,56,1649.29565271,2,nogo,win,0,-1,10,1,72
2,control,3,exp,1,57,1654.72742056,3,go,win,0,-1,0,1,72
2,control,3,exp,1,58,1660.25940796,3,go,win,0,-1,10,0,82
2,control,3,exp,1,59,1665.81144817,4,nogo,avoid,0,-1,-10,0,72
2,control,3,exp,1,60,1671.36347072,3,go,win,0,-1,10,0,82
2,control,3,exp,1,61,1676.98565651,3,go,win,0,-1,10,0,92
2,control,3,exp,1,62,1682.56775812,3,go,win,0,-1,0,1,92
2,control,3,exp,1,63,1687.80911663,2,nogo,win,0,-1,10,1,102
2,control,3,exp,1,64,1692.91017578,3,go,win,0,-1,0,1,102
2,control,3,exp,1,65,1698.25175478,1,go,avoid,0,-1,-10,1,92
2,control,3,exp,1,66,1703.67350382,2,nogo,win,0,-1,0,0,92
2,control,3,exp,1,67,1708.91486024,1,go,avoid,0,-1,-10,1,82
2,control,3,exp,1,68,1714.18630767,4,nogo,avoid,0,-1,0,1,82
2,control,3,exp,1,69,1719.53788231,1,go,avoid,0,-1,0,0,82
2,control,3,exp,1,70,1725.06987559,3,go,win,0,-1,10,0,92
2,control,3,exp,1,71,1730.52168724,4,nogo,avoid,0,-1,0,1,92
2,control,3,exp,1,72,1735.76305108,3,go,win,0,-1,10,0,102
2,control,3,exp,1,73,1741.15473542,2,nogo,win,0,-1,10,1,112
2,control,3,exp,1,74,1746.66667526,2,nogo,win,0,-1,0,0,112
2,control,3,exp,1,75,1751.99823578,3,go,win,0,-1,0,1,112
2,control,3,exp,1,76,1757.25964106,4,nogo,avoid,0,-1,-10,0,102
2,control,3,exp,1,77,1762.85175379,4,nogo,avoid,0,-1,0,1,102
2,control,3,exp,1,78,1768.143228,4,nogo,avoid,0,-1,-10,0,92
2,control,3,exp,1,79,1773.625108,3,go,win,0,-1,0,1,92
2,control,4,induction,7,0,1934.52374653,4,go,avoid,1,0.270643303359,-1,1,-1
2,control,4,induction,7,1,1939.98557572,3,go,win,1,0.300709005762,9,1,8
2,control,4,induction,7,2,1945.58772386,3,go,win,0,-1,0,1,8
2,control,4,induction,7,3,1950.74890227,1,nogo,win,1,0.330780178818,-1,1,7
2,control,4,induction,7,4,1956.01029793,3,go,win,0,-1,10,0,17
2,control,4,induction,7,5,1961.48215366,4,go,avoid,0,-1,-10,1,7
2,control,4,induction,7,6,1966.60324831,4,go,avoid,0,-1,0,0,7
2,control,4,induction,7,7,1972.12521851,2,nogo,avoid,1,0.310742297992,-11,1,-4
2,control,4,induction,7,8,1977.39664345,4,go,avoid,0,-1,-10,1,-14
2,control,4,induction,7,9,1982.67808533,1,nogo,win,0,-1,0,0,-14
2,control,4,induction,7,10,1987.72903009,3,go,win,0,-1,0,1,-14
2,control,4,induction,7,11,1993.33116879,4,go,avoid,0,-1,0,0,-14
2,control,4,induction,7,12,1998.99346749,4,go,avoid,0,-1,-10,1,-24
2,control,4,induction,7,13,2004.25484419,4,go,avoid,0,-1,-10,1,-34
2,control,4,induction,7,14,2009.62648277,4,go,avoid,0,-1,-10,1,-44
2,control,4,induction,7,15,2015.29877497,3,go,win,1,0.601389022174,9,1,-35
2,control,4,induction,7,16,2020.50004183,2,nogo,avoid,0,-1,-10,0,-45
2,control,4,induction,7,17,2025.84161923,1,nogo,win,0,-1,10,1,-35
2,control,4,induction,7,18,2031.33351584,1,nogo,win,0,-1,10,1,-25
2,control,4,induction,7,19,2036.40450553,1,nogo,win,0,-1,10,1,-15
2,control,4,induction,7,20,2041.66591089,3,go,win,0,-1,0,1,-15
2,control,4,induction,7,21,2046.78700984,3,go,win,0,-1,0,1,-15
2,control,4,induction,7,22,2052.28893425,1,nogo,win,0,-1,10,1,-5
2,control,4,induction,7,23,2057.73072586,1,nogo,win,0,-1,10,1,5
2,control,4,induction,7,24,2063.2827583,3,go,win,1,0.290705547988,9,1,14
2,control,4,induction,7,25,2068.58424586,2,nogo,avoid,0,-1,0,1,14
2,control,4,induction,7,26,2074.03606216,1,nogo,win,0,-1,0,0,14
2,control,4,induction,7,27,2079.3375481,3,go,win,0,-1,0,1,14
2,control,4,induction,7,28,2084.73925882,4,go,avoid,0,-1,-10,1,4
2,control,4,induction,7,29,2090.17102801,1,nogo,win,0,-1,10,1,14
2,control,4,induction,7,30,2095.51259963,2,nogo,avoid,0,-1,0,1,14
2,control,4,induction,7,31,2100.95439468,1,nogo,win,0,-1,10,1,24
2,control,4,induction,7,32,2106.13562091,3,go,win,1,0.651564818626,9,1,33
2,control,4,induction,7,33,2111.49724064,3,go,win,0,-1,0,1,33
2,control,4,induction,7,34,2116.90896977,3,go,win,0,-1,10,0,43
2,control,4,induction,7,35,2122.53118728,1,nogo,win,0,-1,0,0,43
2,control,4,induction,7,36,2127.77251955,4,go,avoid,0,-1,-10,1,33
2,control,4,induction,7,37,2133.07400248,2,nogo,avoid,0,-1,0,1,33
2,control,4,induction,7,38,2138.49575738,2,nogo,avoid,0,-1,0,1,33
2,control,4,induction,7,39,2143.7371172,4,go,avoid,0,-1,-10,1,23
2,control,4,induction,7,40,2149.07868638,3,go,win,0,-1,0,1,23
2,control,4,induction,7,41,2154.65076408,2,nogo,avoid,0,-1,0,1,23
2,control,4,induction,7,42,2159.89212128,2,nogo,avoid,0,-1,0,1,23
2,control,4,induction,7,43,2165.34393699,4,go,avoid,0,-1,-10,1,13
2,control,4,induction,7,44,2170.64542642,3,go,win,1,0.57130887472,9,1,22
2,control,4,induction,7,45,2176.20748337,1,nogo,win,0,-1,0,0,22
2,control,4,induction,7,46,2181.75951215,2,nogo,avoid,0,-1,0,1,22
2,control,4,induction,7,47,2187.14121812,2,nogo,avoid,0,-1,0,1,22
2,control,4,induction,7,48,2192.79341872,1,nogo,win,0,-1,10,1,32
2,control,4,induction,7,49,2198.47573985,2,nogo,avoid,0,-1,0,1,32
2,control,4,induction,7,50,2203.73714797,4,go,avoid,0,-1,-10,1,22
2,control,4,induction,7,51,2208.92839414,3,go,win,0,-1,0,1,22
2,control,4,induction,7,52,2214.21986634,3,go,win,0,-1,10,0,32
2,control,4,induction,7,53,2219.32091107,3,go,win,0,-1,10,0,42
2,control,4,induction,7,54,2224.80279939,3,go,win,0,-1,10,0,52
2,control,4,induction,7,55,2230.16441552,4,go,avoid,0,-1,-10,1,42
2,control,4,induction,7,56,2235.49596922,1,nogo,win,0,-1,0,0,42
2,control,4,induction,7,57,2240.69724441,4,go,avoid,0,-1,0,0,42
2,control,4,induction,7,58,2245.83838083,2,nogo,avoid,0,-1,0,1,42
2,control,4,induction,7,59,2250.99959783,4,go,avoid,0,-1,-10,1,32
2,control,4,induction,7,60,2256.59168632,2,nogo,avoid,0,-1,0,1,32
2,control,4,induction,7,61,2262.21387618,1,nogo,win,0,-1,10,1,42
2,control,4,induction,7,62,2267.38508142,1,nogo,win,0,-1,10,1,52
2,control,4,induction,7,63,2272.63646426,3,go,win,0,-1,0,1,52
2,control,4,induction,7,64,2277.76758617,2,nogo,avoid,0,-1,0,1,52
2,control,4,induction,7,65,2282.94880025,2,nogo,avoid,0,-1,0,1,52
2,control,4,induction,7,66,2288.3505196,4,go,avoid,0,-1,0,0,52
2,control,4,induction,7,67,2293.82238145,1,nogo,win,0,-1,10,1,62
2,control,4,induction,7,68,2298.98356109,4,go,avoid,0,-1,-10,1,52
2,control,4,induction,7,69,2304.48548496,2,nogo,avoid,0,-1,-10,0,42
2,control,4,induction,7,70,2309.77695433,1,nogo,win,0,-1,10,1,52
2,control,4,induction,7,71,2315.29892593,1,nogo,win,0,-1,10,1,62
2,control,4,induction,7,72,2320.6906104,2,nogo,avoid,1,0.471140219376,-11,1,51
2,control,4,induction,7,73,2325.88185205,3,go,win,0,-1,0,1,51
2,control,4,induction,7,74,2331.47397977,4,go,avoid,0,-1,-10,1,41
2,control,4,induction,7,75,2336.95585965,4,go,avoid,0,-1,-10,1,31
2,control,4,induction,7,76,2342.39765024,1,nogo,win,0,-1,10,1,41
2,control,4,induction,7,77,2347.82942605,2,nogo,avoid,0,-1,0,1,41
2,control,4,induction,7,78,2353.4516113,2,nogo,avoid,0,-1,0,1,41
2,control,4,induction,7,79,2358.80320881,2,nogo,avoid,0,-1,0,1,41
2,control,5,exp,8,0,2531.70784449,1,nogo,avoid,1,0.311428526623,-11,1,-11
2,control,5,exp,8,1,2536.99931271,3,go,avoid,1,0.330773814936,-1,1,-12
2,control,5,exp,8,2,2542.10036796,1,nogo,avoid,0,-1,0,1,-12
2,control,5,exp,8,3,2547.62233444,2,go,win,1,0.340799492161,9,1,-3
2,control,5,exp,8,4,2553.09418793,1,nogo,avoid,0,-1,0,1,-3
2,control,5,exp,8,5,2558.5159492,4,nogo,win,1,0.320759331647,-1,1,-4
2,control,5,exp,8,6,2564.12809813,3,go,avoid,0,-1,0,0,-4
2,control,5,exp,8,7,2569.44963087,4,nogo,win,1,0.290692011205,-1,1,-5
2,control,5,exp,8,8,2575.00166057,1,nogo,avoid,0,-1,0,1,-5
2,control,5,exp,8,9,2580.35326265,3,go,avoid,0,-1,0,0,-5
2,control,5,exp,8,10,2585.51444129,4,nogo,win,1,0.33077506305,-1,1,-6
2,control,5,exp,8,11,2590.80593499,4,nogo,win,1,0.360837977495,-1,1,-7
2,control,5,exp,8,12,2596.15750507,2,go,win,1,0.30071202229,-1,0,-8
2,control,5,exp,8,13,2601.53916695,2,go,win,1,0.330772897646,-1,0,-9
2,control,5,exp,8,14,2607.10121874,1,nogo,avoid,0,-1,0,1,-9
2,control,5,exp,8,15,2612.17220765,3,go,avoid,0,-1,0,0,-9
2,control,5,exp,8,16,2617.77434965,1,nogo,avoid,1,0.350841181348,-11,1,-20
2,control,5,exp,8,17,2622.90546542,4,nogo,win,1,0.411509407908,-1,1,-21
2,control,5,exp,8,18,2628.61784598,1,nogo,avoid,0,-1,0,1,-21
2,control,5,exp,8,19,2633.93937584,3,go,avoid,0,-1,0,0,-21
2,control,5,exp,8,20,2639.35110344,3,go,avoid,0,-1,0,0,-21
2,control,5,exp,8,21,2644.50226874,2,go,win,1,0.310735925087,9,1,-12
2,control,5,exp,8,22,2649.92401953,3,go,avoid,0,-1,-10,1,-22
2,control,5,exp,8,23,2655.21548054,2,go,win,0,-1,10,0,-12
2,control,5,exp,8,24,2660.32656142,2,go,win,0,-1,10,0,-2
2,control,5,exp,8,25,2665.82847736,2,go,win,0,-1,0,1,-2
2,control,5,exp,8,26,2671.27027822,3,go,avoid,0,-1,0,0,-2
2,control,5,exp,8,27,2676.47154589,4,nogo,win,0,-1,0,0,-2
2,control,5,exp,8,28,2682.00353508,4,nogo,win,1,0.42097278379,-1,1,-3
2,control,5,exp,8,29,2687.4353037,3,go,avoid,0,-1,-10,1,-13
2,control,5,exp,8,30,2692.81697355,2,go,win,0,-1,10,0,-3
2,control,5,exp,8,31,2698.24873916,1,nogo,avoid,0,-1,-10,0,-13
2,control,5,exp,8,32,2703.42996744,1,nogo,avoid,0,-1,0,1,-13
2,control,5,exp,8,33,2708.98202335,2,go,win,0,-1,0,1,-13
2,control,5,exp,8,34,2714.66431708,1,nogo,avoid,0,-1,0,1,-13
2,control,5,exp,8,35,2720.12614886,3,go,avoid,0,-1,-10,1,-23
2,control,5,exp,8,36,2725.79844004,3,go,avoid,0,-1,0,0,-23
2,control,5,exp,8,37,2731.06987574,1,nogo,avoid,1,0.320764414331,-11,1,-34
2,control,5,exp,8,38,2736.64194194,2,go,win,0,-1,0,1,-34
2,control,5,exp,8,39,2742.00356241,1,nogo,avoid,0,-1,0,1,-34
2,control,5,exp,8,40,2747.34513997,3,go,avoid,0,-1,0,0,-34
2,control,5,exp,8,41,2752.8671057,4,nogo,win,1,0.340817741707,-1,1,-35
2,control,5,exp,8,42,2758.33896421,4,nogo,win,1,0.461063622069,-1,1,-36
2,control,5,exp,8,43,2763.96114793,4,nogo,win,0,-1,10,1,-26
2,control,5,exp,8,44,2769.47318275,1,nogo,avoid,0,-1,0,1,-26
2,control,5,exp,8,45,2775.07523942,1,nogo,avoid,0,-1,0,1,-26
2,control,5,exp,8,46,2780.58718144,4,nogo,win,0,-1,0,0,-26
2,control,5,exp,8,47,2785.85859915,3,go,avoid,0,-1,-10,1,-36
2,control,5,exp,8,48,2791.1099874,1,nogo,avoid,0,-1,0,1,-36
2,control,5,exp,8,49,2796.4315177,1,nogo,avoid,0,-1,-10,0,-46
2,control,5,exp,8,50,2801.81317858,2,go,win,0,-1,0,1,-46
2,control,5,exp,8,51,2807.34519503,4,nogo,win,1,0.290690627752,9,0,-37
2,control,5,exp,8,52,2812.88718441,1,nogo,avoid,0,-1,-10,0,-47
2,control,5,exp,8,53,2818.19868977,2,go,win,1,0.410953729092,9,1,-38
2,control,5,exp,8,54,2823.28972591,1,nogo,avoid,0,-1,0,1,-38
2,control,5,exp,8,55,2828.77160746,2,go,win,0,-1,0,1,-38
2,control,5,exp,8,56,2834.41386205,1,nogo,avoid,0,-1,0,1,-38
2,control,5,exp,8,57,2839.70531026,3,go,avoid,0,-1,0,0,-38
2,control,5,exp,8,58,2845.30744504,4,nogo,win,0,-1,0,0,-38
2,control,5,exp,8,59,2850.74923942,3,go,avoid,0,-1,0,0,-38
2,control,5,exp,8,60,2856.09085562,2,go,win,0,-1,0,1,-38
2,control,5,exp,8,61,2861.39231468,4,nogo,win,0,-1,0,0,-38
2,control,5,exp,8,62,2866.68376847,4,nogo,win,0,-1,0,0,-38
2,control,5,exp,8,63,2872.02534404,2,go,win,0,-1,10,0,-28
2,control,5,exp,8,64,2877.18653166,3,go,avoid,0,-1,-10,1,-38
2,control,5,exp,8,65,2882.35773519,4,nogo,win,0,-1,0,0,-38
2,control,5,exp,8,66,2887.70933814,3,go,avoid,0,-1,0,0,-38
2,control,5,exp,8,67,2893.24132456,4,nogo,win,0,-1,10,1,-28
2,control,5,exp,8,68,2898.65305503,2,go,win,0,-1,0,1,-28
2,control,5,exp,8,69,2903.70400378,4,nogo,win,0,-1,0,0,-28
2,control,5,exp,8,70,2909.22597264,4,nogo,win,0,-1,0,0,-28
2,control,5,exp,8,71,2914.43728868,2,go,win,0,-1,0,1,-28
2,control,5,exp,8,72,2920.0494243,3,go,avoid,0,-1,0,0,-28
2,control,5,exp,8,73,2925.6615969,2,go,win,0,-1,10,0,-18
2,control,5,exp,8,74,2930.90294695,3,go,avoid,0,-1,-10,1,-28
2,control,5,exp,8,75,2936.10424978,1,nogo,avoid,0,-1,-10,0,-38
2,control,5,exp,8,76,2941.21529517,3,go,avoid,0,-1,0,0,-38
2,control,5,exp,8,77,2946.46667232,2,go,win,0,-1,0,1,-38
2,control,5,exp,8,78,2952.15901231,2,go,win,0,-1,0,1,-38
2,control,5,exp,8,79,2957.38035807,4,nogo,win,0,-1,10,1,-28
2,control,6,exp,9,0,3197.37032974,4,go,win,0,-1,0,1,0
2,control,6,exp,9,1,3202.68188305,4,go,win,0,-1,0,1,0
2,control,6,exp,9,2,3208.31404193,1,nogo,avoid,1,0.461060897267,-1,0,-1
2,control,6,exp,9,3,3213.70573346,3,go,avoid,0,-1,-10,1,-11
2,control,6,exp,9,4,3218.82685006,2,nogo,win,0,-1,10,1,-1
2,control,6,exp,9,5,3224.0882302,4,go,win,0,-1,10,0,9
2,control,6,exp,9,6,3229.61020101,2,nogo,win,1,0.621406006847,-1,1,8
2,control,6,exp,9,7,3235.04196323,2,nogo,win,0,-1,10,1,18
2,control,6,exp,9,8,3240.41362855,1,nogo,avoid,0,-1,0,1,18
2,control,6,exp,9,9,3245.72511787,1,nogo,avoid,0,-1,0,1,18
2,control,6,exp,9,10,3251.3573237,2,nogo,win,1,0.801896966716,-1,1,17
2,control,6,exp,9,11,3256.59867836,3,go,avoid,0,-1,-10,1,7
2,control,6,exp,9,12,3261.95027786,1,nogo,avoid,0,-1,0,1,7
2,control,6,exp,9,13,3267.03128685,4,go,win,0,-1,0,1,7
2,control,6,exp,9,14,3272.34279774,4,go,win,0,-1,0,1,7
2,control,6,exp,9,15,3277.41378318,1,nogo,avoid,0,-1,0,1,7
2,control,6,exp,9,16,3282.8355349,1,nogo,avoid,0,-1,-10,0,-3
2,control,6,exp,9,17,3288.2372444,4,go,win,0,-1,0,1,-3
2,control,6,exp,9,18,3293.37841665,2,nogo,win,0,-1,10,1,7
2,control,6,exp,9,19,3298.52954759,4,go,win,0,-1,10,0,17
2,control,6,exp,9,20,3303.94127398,2,nogo,win,0,-1,10,1,27
2,control,6,exp,9,21,3309.55343453,1,nogo,avoid,1,0.320767072966,-11,1,16
2,control,6,exp,9,22,3315.2958816,3,go,avoid,1,0.551245045133,-1,1,15
2,control,6,exp,9,23,3320.6073963,3,go,avoid,0,-1,-10,1,5
2,control,6,exp,9,24,3325.81868036,1,nogo,avoid,0,-1,0,1,5
2,control,6,exp,9,25,3331.19032933,2,nogo,win,0,-1,10,1,15
2,control,6,exp,9,26,3336.7924991,3,go,avoid,0,-1,-10,1,5
2,control,6,exp,9,27,3342.16410954,4,go,win,0,-1,0,1,5
2,control,6,exp,9,28,3347.8163578,3,go,avoid,0,-1,-10,1,-5
2,control,6,exp,9,29,3352.87732537,1,nogo,avoid,0,-1,0,1,-5
2,control,6,exp,9,30,3358.01846833,1,nogo,avoid,0,-1,0,1,-5
2,control,6,exp,9,31,3363.6005647,4,go,win,0,-1,0,1,-5
2,control,6,exp,9,32,3369.13256192,4,go,win,0,-1,0,1,-5
2,control,6,exp,9,33,3374.5442843,1,nogo,avoid,0,-1,-10,0,-15
2,control,6,exp,9,34,3379.89588108,2,nogo,win,0,-1,10,1,-5
2,control,6,exp,9,35,3385.19736638,3,go,avoid,0,-1,0,0,-5
2,control,6,exp,9,36,3390.43872921,2,nogo,win,0,-1,10,1,5
2,control,6,exp,9,37,3395.54980736,2,nogo,win,0,-1,10,1,15
2,control,6,exp,9,38,3401.02166309,3,go,avoid,0,-1,-10,1,5
2,control,6,exp,9,39,3406.42336609,3,go,avoid,0,-1,-10,1,-5
2,control,6,exp,9,40,3411.83509225,1,nogo,avoid,0,-1,0,1,-5
2,control,6,exp,9,41,3417.18669804,3,go,avoid,0,-1,-10,1,-15
2,control,6,exp,9,42,3422.33785632,1,nogo,avoid,1,0.441013281144,-11,1,-26
2,control,6,exp,9,43,3427.75961091,3,go,avoid,0,-1,0,0,-26
2,control,6,exp,9,44,3433.05107916,3,go,avoid,0,-1,0,0,-26
2,control,6,exp,9,45,3438.23230422,3,go,avoid,0,-1,-10,1,-36
2,control,6,exp,9,46,3443.80437279,3,go,avoid,0,-1,0,0,-36
2,control,6,exp,9,47,3449.46665201,4,go,win,1,0.521185944206,9,1,-27
2,control,6,exp,9,48,3454.72805638,4,go,win,1,0.511162648925,9,1,-18
2,control,6,exp,9,49,3460.18988082,4,go,win,0,-1,0,1,-18
2,control,6,exp,9,50,3465.46131473,1,nogo,avoid,0,-1,0,1,-18
2,control,6,exp,9,51,3470.68263031,4,go,win,0,-1,0,1,-18
2,control,6,exp,9,52,3476.03423196,1,nogo,avoid,0,-1,-10,0,-28
2,control,6,exp,9,53,3481.70652315,2,nogo,win,0,-1,10,1,-18
2,control,6,exp,9,54,3486.8777313,2,nogo,win,0,-1,10,1,-8
2,control,6,exp,9,55,3492.26942243,2,nogo,win,0,-1,10,1,2
2,control,6,exp,9,56,3497.49073128,2,nogo,win,0,-1,10,1,12
2,control,6,exp,9,57,3502.94254442,4,go,win,0,-1,0,1,12
2,control,6,exp,9,58,3508.22398607,2,nogo,win,1,0.651475946826,-1,1,11
2,control,6,exp,9,59,3513.82612687,2,nogo,win,0,-1,10,1,21
2,control,6,exp,9,60,3519.10757088,1,nogo,avoid,0,-1,-10,0,11
2,control,6,exp,9,61,3524.55939384,2,nogo,win,0,-1,10,1,21
2,control,6,exp,9,62,3529.77071233,4,go,win,0,-1,10,0,31
2,control,6,exp,9,63,3535.01204923,2,nogo,win,0,-1,0,0,31
2,control,6,exp,9,64,3540.62420576,2,nogo,win,0,-1,0,0,31
2,control,6,exp,9,65,3546.16621931,3,go,avoid,0,-1,-10,1,21
2,control,6,exp,9,66,3551.52783492,1,nogo,avoid,0,-1,-10,0,11
2,control,6,exp,9,67,3557.02976102,1,nogo,avoid,0,-1,0,1,11
2,control,6,exp,9,68,3562.42144424,3,go,avoid,0,-1,-10,1,1
2,control,6,exp,9,69,3568.16388973,3,go,avoid,0,-1,0,0,1
2,control,6,exp,9,70,3573.47540509,3,go,avoid,0,-1,0,0,1
2,control,6,exp,9,71,3579.01740426,1,nogo,avoid,0,-1,-10,0,-9
2,control,6,exp,9,72,3584.53938863,3,go,avoid,0,-1,-10,1,-19
2,control,6,exp,9,73,3590.16156445,4,go,win,0,-1,10,0,-9
2,control,6,exp,9,74,3595.28266419,4,go,win,0,-1,0,1,-9
2,control,6,exp,9,75,3600.4438477,2,nogo,win,0,-1,10,1,1
2,control,6,exp,9,76,3605.89566362,1,nogo,avoid,0,-1,-10,0,-9
2,control,6,exp,9,77,3611.07689314,3,go,avoid,0,-1,-10,1,-19
2,control,6,exp,9,78,3616.57881559,4,go,win,0,-1,0,1,-19
2,control,6,exp,9,79,3621.72998308,4,go,win,0,-1,10,0,-9
2,control,7,induction,6,0,3838.90053365,1,go,avoid,0,-1,0,0,0
2,control,7,induction,6,1,3844.33232883,3,nogo,avoid,0,-1,0,1,0
2,control,7,induction,6,2,3849.77409523,1,go,avoid,0,-1,-10,1,-10
2,control,7,induction,6,3,3855.45640845,2,nogo,win,0,-1,10,1,0
2,control,7,induction,6,4,3860.89822371,4,go,win,0,-1,0,1,0
2,control,7,induction,6,5,3866.3500178,4,go,win,0,-1,0,1,0
2,control,7,induction,6,6,3871.86195597,4,go,win,0,-1,0,1,0
2,control,7,induction,6,7,3877.30375148,3,nogo,avoid,0,-1,0,1,0
2,control,7,induction,6,8,3882.91590985,3,nogo,avoid,0,-1,0,1,0
2,control,7,induction,6,9,3888.3977879,1,go,avoid,0,-1,0,0,0
2,control,7,induction,6,10,3893.76943216,1,go,avoid,0,-1,0,0,0
2,control,7,induction,6,11,3899.2513175,3,nogo,avoid,0,-1,-10,0,-10
2,control,7,induction,6,12,3904.32229686,3,nogo,avoid,0,-1,0,1,-10
2,control,7,induction,6,13,3909.70396109,4,go,win,0,-1,0,1,-10
2,control,7,induction,6,14,3915.15577787,1,go,avoid,0,-1,-10,1,-20
2,control,7,induction,6,15,3920.74789947,4,go,win,0,-1,0,1,-20
2,control,7,induction,6,16,3926.26986117,2,nogo,win,1,0.55126365558,-1,1,-21
2,control,7,induction,6,17,3931.78180702,3,nogo,avoid,0,-1,-10,0,-31
2,control,7,induction,6,18,3937.20355849,1,go,avoid,0,-1,-10,1,-41
2,control,7,induction,6,19,3942.55515205,4,go,win,0,-1,0,1,-41
2,control,7,induction,6,20,3948.00697193,3,nogo,avoid,1,0.410949668958,-11,1,-52
2,control,7,induction,6,21,3953.36858407,3,nogo,avoid,0,-1,-10,0,-62
2,control,7,induction,6,22,3958.68009837,2,nogo,win,0,-1,10,1,-52
2,control,7,induction,6,23,3964.30227707,2,nogo,win,0,-1,10,1,-42
2,control,7,induction,6,24,3969.78415558,4,go,win,1,0.451044943309,9,1,-33
2,control,7,induction,6,25,3975.08564978,1,go,avoid,0,-1,-10,1,-43
2,control,7,induction,6,26,3980.49738392,1,go,avoid,0,-1,-10,1,-53
2,control,7,induction,6,27,3986.00932302,2,nogo,win,0,-1,10,1,-43
2,control,7,induction,6,28,3991.58139033,1,go,avoid,0,-1,-10,1,-53
2,control,7,induction,6,29,3997.19355852,3,nogo,avoid,0,-1,0,1,-53
2,control,7,induction,6,30,4002.52510962,4,go,win,0,-1,0,1,-53
2,control,7,induction,6,31,4007.8566635,1,go,avoid,0,-1,-10,1,-63
2,control,7,induction,6,32,4013.24838429,4,go,win,0,-1,10,0,-53
2,control,7,induction,6,33,4018.43960177,4,go,win,0,-1,0,1,-53
2,control,7,induction,6,34,4023.73109796,1,go,avoid,0,-1,-10,1,-63
2,control,7,induction,6,35,4029.16283707,3,nogo,avoid,0,-1,0,1,-63
2,control,7,induction,6,36,4034.58459182,2,nogo,win,0,-1,10,1,-53
2,control,7,induction,6,37,4039.77583956,1,go,avoid,0,-1,0,0,-53
2,control,7,induction,6,38,4045.44812768,1,go,avoid,0,-1,-10,1,-63
2,control,7,induction,6,39,4050.55922955,4,go,win,0,-1,0,1,-63
2,control,7,induction,6,40,4055.94087048,3,nogo,avoid,0,-1,-10,0,-73
2,control,7,induction,6,41,4061.67328561,2,nogo,win,0,-1,0,0,-73
2,control,7,induction,6,42,4067.42575732,2,nogo,win,0,-1,10,1,-63
2,control,7,induction,6,43,4073.02790225,2,nogo,win,0,-1,10,1,-53
2,control,7,induction,6,44,4078.49978143,3,nogo,avoid,0,-1,-10,0,-63
2,control,7,induction,6,45,4084.12193728,3,nogo,avoid,0,-1,-10,0,-73
2,control,7,induction,6,46,4089.70404069,2,nogo,win,0,-1,0,0,-73
2,control,7,induction,6,47,4095.20596285,1,go,avoid,0,-1,-10,1,-83
2,control,7,induction,6,48,4100.5776053,3,nogo,avoid,0,-1,-10,0,-93
2,control,7,induction,6,49,4106.05948263,1,go,avoid,0,-1,-10,1,-103
2,control,7,induction,6,50,4111.22066689,2,nogo,win,0,-1,10,1,-93
2,control,7,induction,6,51,4116.49209651,3,nogo,avoid,0,-1,0,1,-93
2,control,7,induction,6,52,4121.90382112,4,go,win,0,-1,0,1,-93
2,control,7,induction,6,53,4127.24540262,3,nogo,avoid,0,-1,0,1,-93
2,control,7,induction,6,54,4132.47673343,4,go,win,0,-1,0,1,-93
2,control,7,induction,6,55,4137.86841648,4,go,win,0,-1,10,0,-83
2,control,7,induction,6,56,4143.57078092,4,go,win,0,-1,10,0,-73
2,control,7,induction,6,57,4148.89229735,2,nogo,win,1,0.792357934015,-1,1,-74
2,control,7,induction,6,58,4154.3842137,1,go,avoid,0,-1,-10,1,-84
2,control,7,induction,6,59,4159.59550659,4,go,win,0,-1,0,1,-84
2,control,7,induction,6,60,4164.98719068,3,nogo,avoid,0,-1,-10,0,-94
2,control,7,induction,6,61,4170.31874878,4,go,win,0,-1,0,1,-94
2,control,7,induction,6,62,4175.9709915,2,nogo,win,0,-1,10,1,-84
2,control,7,induction,6,63,4181.60320012,4,go,win,0,-1,0,1,-84
2,control,7,induction,6,64,4187.19531863,2,nogo,win,0,-1,10,1,-74
2,control,7,induction,6,65,4192.807479,1,go,avoid,0,-1,-10,1,-84
2,control,7,induction,6,66,4198.3795528,2,nogo,win,0,-1,10,1,-74
2,control,7,induction,6,67,4203.75119523,2,nogo,win,0,-1,0,0,-74
2,control,7,induction,6,68,4209.23308065,3,nogo,avoid,0,-1,-10,0,-84
2,control,7,induction,6,69,4214.90536975,2,nogo,win,0,-1,10,1,-74
2,control,7,induction,6,70,4220.48746774,2,nogo,win,0,-1,0,0,-74
2,control,7,induction,6,71,4225.64868775,2,nogo,win,0,-1,10,1,-64
2,control,7,induction,6,72,4231.1104946,1,go,avoid,0,-1,-10,1,-74
2,control,7,induction,6,73,4236.62243514,3,nogo,avoid,0,-1,0,1,-74
2,control,7,induction,6,74,4241.85377052,1,go,avoid,0,-1,-10,1,-84
2,control,7,induction,6,75,4247.18532403,2,nogo,win,0,-1,10,1,-74
2,control,7,induction,6,76,4252.67723278,4,go,win,0,-1,0,1,-74
2,control,7,induction,6,77,4258.21923876,3,nogo,avoid,0,-1,0,1,-74
2,control,7,induction,6,78,4263.56081521,4,go,win,0,-1,0,1,-74
2,control,7,induction,6,79,4268.98256562,1,go,avoid,0,-1,0,0,-74
2,control,8,exp,2,0,4425.29124427,1,go,win,0,-1,10,0,10
2,control,8,exp,2,1,4430.57268719,2,nogo,avoid,0,-1,0,1,10
2,control,8,exp,2,2,4436.10466953,2,nogo,avoid,0,-1,-10,0,0
2,control,8,exp,2,3,4441.38611174,4,go,avoid,0,-1,-10,1,-10
2,control,8,exp,2,4,4446.63748945,2,nogo,avoid,0,-1,0,1,-10
2,control,8,exp,2,5,4452.11937122,4,go,avoid,0,-1,0,0,-10
2,control,8,exp,2,6,4457.52107235,1,go,win,0,-1,0,1,-10
2,control,8,exp,2,7,4462.91275494,3,nogo,win,0,-1,10,1,0
2,control,8,exp,2,8,4468.38460904,1,go,win,0,-1,0,1,0
2,control,8,exp,2,9,4473.61595428,2,nogo,avoid,0,-1,0,1,0
2,control,8,exp,2,10,4478.98758738,4,go,avoid,0,-1,-10,1,-10
2,control,8,exp,2,11,4484.38929742,3,nogo,win,0,-1,10,1,0
2,control,8,exp,2,12,4489.68075972,4,go,avoid,0,-1,-10,1,-10
2,control,8,exp,2,13,4495.13257048,4,go,avoid,0,-1,-10,1,-20
2,control,8,exp,2,14,4500.33384882,4,go,avoid,0,-1,-10,1,-30
2,control,8,exp,2,15,4505.91593719,2,nogo,avoid,0,-1,-10,0,-40
2,control,8,exp,2,16,4511.16731738,2,nogo,avoid,0,-1,0,1,-40
2,control,8,exp,2,17,4516.27842256,2,nogo,avoid,0,-1,-10,0,-50
2,control,8,exp,2,18,4521.8003597,2,nogo,avoid,0,-1,0,1,-50
2,control,8,exp,2,19,4527.34236347,3,nogo,win,0,-1,10,1,-40
2,control,8,exp,2,20,4532.84430242,1,go,win,0,-1,0,1,-40
2,control,8,exp,2,21,4538.37627703,1,go,win,0,-1,0,1,-40
2,control,8,exp,2,22,4543.89824025,3,nogo,win,0,-1,0,0,-40
2,control,8,exp,2,23,4549.03937945,1,go,win,0,-1,10,0,-30
2,control,8,exp,2,24,4554.37093534,1,go,win,0,-1,0,1,-30
2,control,8,exp,2,25,4559.85281439,3,nogo,win,0,-1,10,1,-20
2,control,8,exp,2,26,4565.18437303,1,go,win,0,-1,0,1,-20
2,control,8,exp,2,27,4570.40568655,3,nogo,win,0,-1,0,0,-20
2,control,8,exp,2,28,4575.65707049,1,go,win,0,-1,0,1,-20
2,control,8,exp,2,29,4581.33937533,3,nogo,win,0,-1,10,1,-10
2,control,8,exp,2,30,4586.90142224,2,nogo,avoid,0,-1,0,1,-10
2,control,8,exp,2,31,4592.32317711,4,go,avoid,0,-1,-10,1,-20
2,control,8,exp,2,32,4597.78501257,2,nogo,avoid,0,-1,0,1,-20
2,control,8,exp,2,33,4602.87605218,4,go,avoid,0,-1,0,0,-20
2,control,8,exp,2,34,4608.42807825,4,go,avoid,0,-1,-10,1,-30
2,control,8,exp,2,35,4613.65942146,2,nogo,avoid,0,-1,0,1,-30
2,control,8,exp,2,36,4618.94086476,4,go,avoid,0,-1,0,0,-30
2,control,8,exp,2,37,4624.39267779,4,go,avoid,0,-1,-10,1,-40
2,control,8,exp,2,38,4629.74427113,4,go,avoid,0,-1,-10,1,-50
2,control,8,exp,2,39,4635.14598286,1,go,win,0,-1,0,1,-50
2,control,8,exp,2,40,4640.32721315,2,nogo,avoid,1,0.471078496334,-1,0,-51
2,control,8,exp,2,41,4645.96944472,1,go,win,0,-1,10,0,-41
2,control,8,exp,2,42,4651.5415064,3,nogo,win,0,-1,0,0,-41
2,control,8,exp,2,43,4657.18373812,1,go,win,0,-1,10,0,-31
2,control,8,exp,2,44,4662.63555716,2,nogo,avoid,0,-1,0,1,-31
2,control,8,exp,2,45,4668.11743381,4,go,avoid,0,-1,-10,1,-41
2,control,8,exp,2,46,4673.39887543,1,go,win,0,-1,10,0,-31
2,control,8,exp,2,47,4678.7003744,3,nogo,win,0,-1,10,1,-21
2,control,8,exp,2,48,4684.14215627,4,go,avoid,0,-1,-10,1,-31
2,control,8,exp,2,49,4689.87457823,1,go,win,0,-1,10,0,-21
2,control,8,exp,2,50,4695.4867451,2,nogo,avoid,0,-1,0,1,-21
2,control,8,exp,2,51,4701.09890905,3,nogo,win,0,-1,10,1,-11
2,control,8,exp,2,52,4706.56074384,3,nogo,win,0,-1,10,1,-1
2,control,8,exp,2,53,4711.82217094,3,nogo,win,0,-1,10,1,9
2,control,8,exp,2,54,4717.25391589,2,nogo,avoid,0,-1,0,1,9
2,control,8,exp,2,55,4722.78590275,3,nogo,win,0,-1,0,0,9
2,control,8,exp,2,56,4728.21769037,1,go,win,0,-1,0,1,9
2,control,8,exp,2,57,4733.76970581,3,nogo,win,0,-1,10,1,19
2,control,8,exp,2,58,4739.22153497,1,go,win,0,-1,0,1,19
2,control,8,exp,2,59,4744.80362131,3,nogo,win,0,-1,10,1,29
2,control,8,exp,2,60,4750.42580018,2,nogo,avoid,0,-1,0,1,29
2,control,8,exp,2,61,4755.78742169,4,go,avoid,0,-1,-10,1,19
2,control,8,exp,2,62,4761.26930452,3,nogo,win,0,-1,0,0,19
2,control,8,exp,2,63,4766.65096372,4,go,avoid,0,-1,-10,1,9
2,control,8,exp,2,64,4772.12282233,4,go,avoid,0,-1,-10,1,-1
2,control,8,exp,2,65,4777.63477457,2,nogo,avoid,0,-1,-10,0,-11
2,control,8,exp,2,66,4782.97634597,1,go,win,0,-1,0,1,-11
2,control,8,exp,2,67,4788.38810036,2,nogo,avoid,0,-1,0,1,-11
2,control,8,exp,2,68,4793.52921884,3,nogo,win,0,-1,10,1,-1
2,control,8,exp,2,69,4798.98103143,4,go,avoid,0,-1,0,0,-1
2,control,8,exp,2,70,4804.12217387,1,go,win,0,-1,0,1,-1
2,control,8,exp,2,71,4809.3635176,2,nogo,avoid,0,-1,-10,0,-11
2,control,8,exp,2,72,4814.93560366,3,nogo,win,0,-1,10,1,-1
2,control,8,exp,2,73,4820.47761521,3,nogo,win,0,-1,10,1,9
2,control,8,exp,2,74,4825.69893008,3,nogo,win,0,-1,0,0,9
2,control,8,exp,2,75,4831.06055069,4,go,avoid,0,-1,0,0,9
2,control,8,exp,2,76,4836.50236941,2,nogo,avoid,0,-1,0,1,9
2,control,8,exp,2,77,4841.92409072,4,go,avoid,0,-1,-10,1,-1
2,control,8,exp,2,78,4847.54628202,1,go,win,0,-1,0,1,-1
2,control,8,exp,2,79,4853.3087661,1,go,win,0,-1,0,1,-1
2,control,9,exp,3,0,5024.12887842,1,nogo,avoid,0,-1,0,1,0
2,control,9,exp,3,1,5029.61075736,1,nogo,avoid,0,-1,0,1,0
2,control,9,exp,3,2,5035.34317791,2,go,avoid,0,-1,-10,1,-10
2,control,9,exp,3,3,5040.5044072,4,go,win,0,-1,0,1,-10
2,control,9,exp,3,4,5045.77577358,4,go,win,0,-1,10,0,0
2,control,9,exp,3,5,5050.90689788,3,nogo,win,0,-1,0,0,0
2,control,9,exp,3,6,5056.66938471,4,go,win,0,-1,0,1,0
2,control,9,exp,3,7,5061.95082813,3,nogo,win,0,-1,0,0,0
2,control,9,exp,3,8,5067.27236147,4,go,win,0,-1,0,1,0
2,control,9,exp,3,9,5072.38343339,3,nogo,win,0,-1,10,1,10
2,control,9,exp,3,10,5077.97555601,4,go,win,0,-1,10,0,20
2,control,9,exp,3,11,5083.44740644,2,go,avoid,0,-1,-10,1,10
2,control,9,exp,3,12,5089.09964826,4,go,win,0,-1,0,1,10
2,control,9,exp,3,13,5094.61160065,1,nogo,avoid,0,-1,0,1,10
2,control,9,exp,3,14,5099.95317419,2,go,avoid,0,-1,-10,1,0
2,control,9,exp,3,15,5105.23461934,2,go,avoid,0,-1,0,0,0
2,control,9,exp,3,16,5110.60625886,3,nogo,win,0,-1,10,1,10
2,control,9,exp,3,17,5116.11820446,1,nogo,avoid,0,-1,0,1,10
2,control,9,exp,3,18,5121.67023289,4,go,win,0,-1,0,1,10
2,control,9,exp,3,19,5127.26235234,1,nogo,avoid,0,-1,-10,0,0
2,control,9,exp,3,20,5132.70414148,4,go,win,0,-1,10,0,10
2,control,9,exp,3,21,5137.825237,4,go,win,0,-1,0,1,10
2,control,9,exp,3,22,5143.29709945,3,nogo,win,0,-1,10,1,20
2,control,9,exp,3,23,5148.89923456,4,go,win,0,-1,0,1,20
2,control,9,exp,3,24,5154.17066042,4,go,win,0,-1,0,1,20
2,control,9,exp,3,25,5159.58239184,2,go,avoid,0,-1,-10,1,10
2,control,9,exp,3,26,5164.96404946,2,go,avoid,0,-1,-10,1,0
2,control,9,exp,3,27,5170.36575508,3,nogo,win,0,-1,0,0,0
2,control,9,exp,3,28,5175.79752997,1,nogo,avoid,0,-1,-10,0,-10
2,control,9,exp,3,29,5180.90859939,1,nogo,avoid,0,-1,0,1,-10
2,control,9,exp,3,30,5186.48067423,1,nogo,avoid,0,-1,0,1,-10
2,control,9,exp,3,31,5191.97257781,3,nogo,win,0,-1,10,1,0
2,control,9,exp,3,32,5197.25402937,1,nogo,avoid,0,-1,-10,0,-10
2,control,9,exp,3,33,5202.60562249,3,nogo,win,0,-1,0,0,-10
2,control,9,exp,3,34,5208.10754917,1,nogo,avoid,0,-1,-10,0,-20
2,control,9,exp,3,35,5213.36894067,2,go,avoid,0,-1,0,0,-20
2,control,9,exp,3,36,5218.56022808,3,nogo,win,0,-1,10,1,-10
2,control,9,exp,3,37,5223.83161262,2,go,avoid,0,-1,0,0,-10
2,control,9,exp,3,38,5229.23332659,2,go,avoid,0,-1,-10,1,-20
2,control,9,exp,3,39,5234.73524908,2,go,avoid,0,-1,-10,1,-30
2,control,9,exp,3,40,5240.17704156,1,nogo,avoid,0,-1,0,1,-30
2,control,9,exp,3,41,5245.71904988,4,go,win,0,-1,0,1,-30
2,control,9,exp,3,42,5251.07064524,2,go,avoid,0,-1,-10,1,-40
2,control,9,exp,3,43,5256.18172098,2,go,avoid,0,-1,-10,1,-50
2,control,9,exp,3,44,5261.26275282,1,nogo,avoid,0,-1,0,1,-50
2,control,9,exp,3,45,5266.43393878,2,go,avoid,0,-1,-10,1,-60
2,control,9,exp,3,46,5272.05612022,3,nogo,win,0,-1,10,1,-50
2,control,9,exp,3,47,5277.41774106,1,nogo,avoid,0,-1,0,1,-50
2,control,9,exp,3,48,5282.76933291,3,nogo,win,0,-1,10,1,-40
2,control,9,exp,3,49,5288.16101959,2,go,avoid,0,-1,-10,1,-50
2,control,9,exp,3,50,5293.24203727,1,nogo,avoid,0,-1,0,1,-50
2,control,9,exp,3,51,5298.78404277,2,go,avoid,0,-1,-10,1,-60
2,control,9,exp,3,52,5303.91516435,4,go,win,0,-1,0,1,-60
2,control,9,exp,3,53,5308.99618224,2,go,avoid,0,-1,-10,1,-70
2,control,9,exp,3,54,5314.1773997,4,go,win,0,-1,0,1,-70
2,control,9,exp,3,55,5319.48891624,4,go,win,0,-1,0,1,-70
2,control,9,exp,3,56,5324.89062136,3,nogo,win,0,-1,10,1,-60
2,control,9,exp,3,57,5330.20214643,3,nogo,win,0,-1,10,1,-50
2,control,9,exp,3,58,5335.51367136,3,nogo,win,0,-1,10,1,-40
2,control,9,exp,3,59,5340.88527936,4,go,win,0,-1,10,0,-30
2,control,9,exp,3,60,5346.5275072,1,nogo,avoid,0,-1,0,1,-30
2,control,9,exp,3,61,5351.66864693,2,go,avoid,0,-1,-10,1,-40
2,control,9,exp,3,62,5356.82983634,3,nogo,win,0,-1,0,0,-40
2,control,9,exp,3,63,5362.20148572,1,nogo,avoid,0,-1,0,1,-40
2,control,9,exp,3,64,5367.66331612,3,nogo,win,0,-1,10,1,-30
2,control,9,exp,3,65,5372.97482512,3,nogo,win,0,-1,10,1,-20
2,control,9,exp,3,66,5378.44667831,2,go,avoid,0,-1,-10,1,-30
2,control,9,exp,3,67,5384.04882323,4,go,win,0,-1,0,1,-30
2,control,9,exp,3,68,5389.41044258,3,nogo,win,0,-1,0,0,-30
2,control,9,exp,3,69,5395.09277263,4,go,win,0,-1,0,1,-30
2,control,9,exp,3,70,5400.55459301,3,nogo,win,0,-1,10,1,-20
2,control,9,exp,3,71,5405.90619497,2,go,avoid,0,-1,-10,1,-30
2,control,9,exp,3,72,5411.42815499,1,nogo,avoid,0,-1,0,1,-30
2,control,9,exp,3,73,5416.80981854,4,go,win,0,-1,0,1,-30
2,control,9,exp,3,74,5422.10131958,1,nogo,avoid,0,-1,0,1,-30
2,control,9,exp,3,75,5427.61323433,1,nogo,avoid,0,-1,0,1,-30
2,control,9,exp,3,76,5432.85458474,3,nogo,win,0,-1,10,1,-20
2,control,9,exp,3,77,5438.18614459,1,nogo,avoid,0,-1,0,1,-20
2,control,9,exp,3,78,5443.78828584,4,go,win,0,-1,10,0,-10
2,control,9,exp,3,79,5449.34031759,2,go,avoid,0,-1,-10,1,-20
